County,State,Air_Pollution_Score
Ada County,ID,0.3847777777777778
Adams County,CO,0.44674638115204157
Adams County,PA,0.42092392932015577
Aguas Buenas Municipio,PR,0.6511666666666667
Aibonito Municipio,PR,0.6511666666666667
Aiken County,SC,0.7867857142857135
Alachua County,FL,0.8399999999999999
Alameda County,CA,0.3423873515024458
Albany County,NY,0.4879523809523809
Albany County,WY,0.8052380952380952
Alexander County,NC,0.7741666666666667
Alexandria city,VA,0.44864854746930216
Allegan County,MI,0.8095238095238095
Allegheny County,PA,0.47162314465408806
Allen County,IN,0.9142857142857143
Allen County,KY,0.8828571428571428
Allen County,OH,0.9457142857142855
Amelia County,VA,0.392412623539982
Anchorage Municipality,AK,0.3602777777777777
Anderson County,TN,0.8657142857142857
Anne Arundel County,MD,0.49842917041030244
Anoka County,MN,0.39595857043026833
Anson County,NC,0.5726205450733753
Aransas County,TX,0.5468730158730158
Arapahoe County,CO,0.44674638115204157
Arlington County,VA,0.44864854746930216
Armstrong County,PA,0.47162314465408806
Ascension Parish,LA,0.4114077867625038
Assumption Parish,LA,0.4114077867625038
Atascosa County,TX,0.5068475591494459
Athens County,OH,0.5166666666666667
Atlantic County,NJ,0.5366666666666667
Austin County,TX,0.45472457821703105
Autauga County,AL,0.8314285714285699
Baker County,FL,0.48519766397124886
Baldwin County,AL,0.7476190476190475
Ballard County,KY,0.38740700808625333
Baltimore County,MD,0.49842917041030244
Baltimore city,MD,0.49842917041030244
Bandera County,TX,0.5068475591494459
Bannock County,ID,0.624
Barceloneta Municipio,PR,0.6511666666666667
Barnstable County,MA,0.9085714285714286
Barranquitas Municipio,PR,0.6511666666666667
Barrow County,GA,0.5735079365079365
Barry County,MI,0.5671031746031745
Bartow County,GA,0.5735079365079365
Bastrop County,TX,0.7
Bates County,MO,0.38596292303084756
Bay County,FL,0.8399999999999999
Bay County,MI,0.5583333333333333
Bayamón Municipio,PR,0.6511666666666667
Beaver County,PA,0.47162314465408806
Belknap County,NH,0.5827380952380953
Bell County,KY,0.7636904761904761
Belmont County,OH,0.599015873015873
Bennington County,VT,0.8399999999999999
Benton County,IA,0.9142857142857143
Benton County,IN,0.9399999999999998
Benton County,MN,0.5983333333333333
Benton County,MS,0.9628571428571427
Benzie County,MI,0.9457142857142855
Bergen County,NJ,0.3789288210042927
Berkeley County,SC,0.39474860736747497
Berkeley County,WV,0.7609523809523809
Bernalillo County,NM,0.5624060497154837
Berrien County,MI,1.0428571428571427
Bexar County,TX,0.5068475591494459
Bibb County,AL,0.4518203174603174
Bibb County,GA,0.7975000000000001
Billings County,ND,0.45223809523809516
Black Hawk County,IA,0.9114285714285713
Blair County,PA,0.4902857142857143
Blount County,AL,0.4518203174603174
Blount County,TN,0.8657142857142857
Boise County,ID,0.3847777777777778
Bolivar County,MS,0.9028571428571429
Bond County,IL,0.47221707097933513
Bonneville County,ID,0.897142857142857
Boone County,AR,0.8714285714285713
Boone County,IL,0.9885714285714284
Boone County,IN,0.5999404761904762
Boone County,KY,0.6791428571428572
Boone County,WV,0.7616666666666667
Bossier Parish,LA,0.8599999999999999
Botetourt County,VA,0.3247798742138364
Boulder County,CO,0.44033333333333335
Bourbon County,KY,0.4245846810422282
Boyd County,KY,0.38657502246181485
Bracken County,KY,0.6791428571428572
Brantley County,GA,0.7291666666666659
Brazoria County,TX,0.45472457821703105
Bremer County,IA,0.9114285714285713
Brevard County,FL,0.6949999999999998
Bristol County,MA,0.3493333333333333
Bristol County,RI,0.3493333333333333
Bristol city,VA,0.7272619047619047
Bronx County,NY,0.3789288210042927
Brooke County,WV,0.5771071428571428
Brooks County,GA,0.7000000000000001
Broomfield County,CO,0.44674638115204157
Broward County,FL,0.3261608265947889
Brown County,IN,0.5999404761904762
Brown County,OH,0.6791428571428572
Brown County,WI,0.5468730158730158
Brunswick County,NC,0.857142857142857
Bryan County,GA,0.6010476190476183
Bucks County,PA,0.38780988319856247
Bullitt County,KY,0.5204761904761904
Buncombe County,NC,0.6891666666666666
Burke County,GA,0.7867857142857135
Burke County,NC,0.7741666666666667
Burleigh County,ND,0.4149339622641509
Burlington County,NJ,0.38780988319856247
Butler County,KS,0.46012506738544473
Butler County,KY,0.8828571428571428
Butler County,OH,0.6791428571428572
Butler County,PA,0.47162314465408806
Butte County,CA,0.9542857142857142
Butte County,ID,0.897142857142857
Butts County,GA,0.5735079365079365
Cabarrus County,NC,0.5726205450733753
Cabell County,WV,0.38657502246181485
Caddo Parish,LA,0.8599999999999999
Caguas Municipio,PR,0.6511666666666667
Calcasieu Parish,LA,0.5727301587301588
Caldwell County,MO,0.38596292303084756
Caldwell County,NC,0.7741666666666667
Caldwell County,TX,0.7
Calhoun County,IL,0.47221707097933513
Calhoun County,SC,0.7355952380952381
Calumet County,WI,0.7749999999999999
Cambria County,PA,0.3732991414595186
Camden County,NC,0.5103174603174598
Camden County,NJ,0.38780988319856247
Cameron Parish,LA,0.5727301587301588
Campbell County,KY,0.6791428571428572
Campbell County,TN,0.8657142857142857
Campbell County,WY,0.46687343516022767
Canadian County,OK,0.6422539682539682
Cannon County,TN,0.5222641509433962
Canyon County,ID,0.3847777777777778
Canóvanas Municipio,PR,0.6511666666666667
Cape May County,NJ,0.5366666666666667
Capitol Planning Region,CT,0.5671638215034441
Carbon County,MT,0.27466666666666667
Carbon County,PA,0.5149115004492362
Carlisle County,KY,0.38740700808625333
Carlton County,MN,0.5501904761904757
Carolina Municipio,PR,0.6511666666666667
Carroll County,GA,0.5735079365079365
Carroll County,IN,0.9399999999999998
Carroll County,MD,0.49842917041030244
Carroll County,OH,0.8436904761904762
Carter County,KY,0.38657502246181485
Carteret County,NC,0.8714285714285713
Carver County,MN,0.39595857043026833
Cass County,MI,0.9628571428571427
Cass County,MO,0.38596292303084756
Cass County,ND,0.4154393530997304
Cass County,NE,0.5221333333333334
Catawba County,NC,0.7741666666666667
Cataño Municipio,PR,0.6511666666666667
Catoosa County,GA,0.799047619047619
Cayey Municipio,PR,0.6511666666666667
Cecil County,MD,0.38780988319856247
Ceiba Municipio,PR,0.6511666666666667
Centre County,PA,0.5196376160527104
Cerro Gordo County,IA,0.3653333333333333
Chambers County,TX,0.45472457821703105
Charles City County,VA,0.392412623539982
Charles County,MD,0.44864854746930216
Charleston County,SC,0.39474860736747497
Chatham County,GA,0.6010476190476183
Chatham County,NC,0.8628571428571413
Chattahoochee County,GA,0.8514285714285713
Chautauqua County,NY,0.5028571428571428
Cheatham County,TN,0.5222641509433962
Cherokee County,GA,0.5735079365079365
Cherokee County,KS,0.7573333333333333
Chesapeake city,VA,0.5103174603174598
Cheshire County,NH,0.6697619047619048
Chester County,PA,0.38780988319856247
Chester County,SC,0.5726205450733753
Chesterfield County,VA,0.392412623539982
Chilton County,AL,0.4518203174603174
Chisago County,MN,0.39595857043026833
Chittenden County,VT,0.8342857142857129
Christian County,KY,0.7805952380952372
Christian County,MO,0.8999999999999999
Ciales Municipio,PR,0.6511666666666667
Cidra Municipio,PR,0.6511666666666667
Clackamas County,OR,0.6322486772486772
Clark County,AR,0.8428571428571427
Clark County,IN,0.5204761904761904
Clark County,KY,0.4245846810422282
Clark County,NV,0.6035404761904762
Clark County,OH,0.8385714285714286
Clark County,WA,0.6322486772486772
Clarke County,GA,0.8857142857142857
Clarke County,MS,0.8028571428571414
Clarke County,VA,0.44864854746930216
Clay County,FL,0.48519766397124886
Clay County,IN,0.583079365079365
Clay County,MN,0.4154393530997304
Clay County,MO,0.38596292303084756
Clay County,WV,0.7616666666666667
Clayton County,GA,0.5735079365079365
Clear Creek County,CO,0.44674638115204157
Clearfield County,PA,0.7742857142857141
Clermont County,OH,0.6791428571428572
Cleveland County,OK,0.6422539682539682
Clinton County,IA,0.6633015873015873
Clinton County,IL,0.47221707097933513
Clinton County,MI,0.897142857142857
Clinton County,MO,0.38596292303084756
Clinton County,OH,0.9342857142857142
Cobb County,GA,0.5735079365079365
Cochise County,AZ,0.9428571428571428
Coconino County,AZ,0.897142857142857
Collier County,FL,0.8314285714285699
Collin County,TX,0.5075667115902965
Colonial Heights city,VA,0.392412623539982
Columbia County,FL,0.8342857142857142
Columbia County,GA,0.7867857142857135
Columbia County,OR,0.6322486772486772
Columbia County,WI,0.8226190476190476
Columbiana County,OH,0.21066666666666667
Comal County,TX,0.5068475591494459
Comerío Municipio,PR,0.6511666666666667
Contra Costa County,CA,0.3423873515024458
Cook County,IL,0.4911651991614256
Corozal Municipio,PR,0.6511666666666667
Coweta County,GA,0.5735079365079365
Craig County,VA,0.3247798742138364
Crawford County,GA,0.7975000000000001
Creek County,OK,0.47187017070979337
Crittenden County,AR,0.9628571428571427
Culpeper County,VA,0.44864854746930216
Cumberland County,IL,0.9428571428571428
Cumberland County,ME,0.897142857142857
Cumberland County,NC,0.7695238095238095
Cumberland County,NJ,0.9285714285714285
Cumberland County,PA,0.8089285714285714
Currituck County,NC,0.5103174603174598
Dade County,GA,0.799047619047619
Dakota County,MN,0.39595857043026833
Dallas County,IA,0.6266666666666666
Dallas County,MO,0.8999999999999999
Dallas County,TX,0.5075667115902965
Dane County,WI,0.8226190476190476
Darlington County,SC,0.8371428571428571
Dauphin County,PA,0.8089285714285714
Davidson County,NC,0.4133962264150943
Davidson County,TN,0.5222641509433962
Davie County,NC,0.4133962264150943
Daviess County,KY,0.4064546271338724
Davis County,UT,1.0599999999999998
Dawson County,GA,0.5735079365079365
De Soto Parish,LA,0.8599999999999999
DeKalb County,AL,0.7517857142857143
DeKalb County,GA,0.5735079365079365
DeKalb County,IL,0.4911651991614256
DeSoto County,MS,0.9628571428571427
Dearborn County,IN,0.6791428571428572
Delaware County,IN,0.6207936507936508
Delaware County,OH,0.8192857142857143
Delaware County,PA,0.38780988319856247
Denton County,TX,0.5075667115902965
Denver County,CO,0.44674638115204157
Dickson County,TN,0.5222641509433962
Dinwiddie County,VA,0.392412623539982
District of Columbia,DC,0.44864854746930216
Doddridge County,WV,0.6066666666666666
Dodge County,MN,0.5750000000000001
Dorado Municipio,PR,0.6511666666666667
Dorchester County,MD,0.9057142857142856
Dorchester County,SC,0.39474860736747497
Dougherty County,GA,0.7766666666666667
Douglas County,CO,0.44674638115204157
Douglas County,GA,0.5735079365079365
Douglas County,NE,0.5221333333333334
Douglas County,WI,0.5501904761904757
Doña Ana County,NM,0.5216945193171608
DuPage County,IL,0.4911651991614256
Dubois County,IN,0.47966666666666674
Dunn County,ND,0.45223809523809516
Durham County,NC,0.8628571428571413
Duval County,FL,0.48519766397124886
East Baton Rouge Parish,LA,0.4114077867625038
East Feliciana Parish,LA,0.4114077867625038
Eaton County,MI,0.897142857142857
Echols County,GA,0.7000000000000001
Eddy County,NM,0.601455525606469
Edgecombe County,NC,0.8628571428571413
Edgefield County,SC,0.7867857142857135
Edmonson County,KY,0.8828571428571428
Effingham County,GA,0.6010476190476183
Effingham County,IL,0.9428571428571428
El Dorado County,CA,0.47667656184486373
El Paso County,CO,1.0057142857142858
El Paso County,TX,0.6074992512728362
Elbert County,CO,0.44674638115204157
Elk County,PA,0.857142857142857
Elkhart County,IN,0.897142857142857
Ellis County,TX,0.5075667115902965
Elmore County,AL,0.8314285714285699
Erie County,NY,0.37969493860437253
Erie County,PA,0.4513647798742138
Escambia County,FL,0.5601587301587296
Essex County,MA,0.34346031746031747
Essex County,NJ,0.3789288210042927
Etowah County,AL,0.7849999999999999
Fairfax County,VA,0.44864854746930216
Fairfax city,VA,0.44864854746930216
Fairfield County,OH,0.8192857142857143
Fairfield County,SC,0.7355952380952381
Fajardo Municipio,PR,0.6511666666666667
Falls Church city,VA,0.44864854746930216
Faulkner County,AR,0.5061172506738544
Fauquier County,VA,0.44864854746930216
Fayette County,GA,0.5735079365079365
Fayette County,KY,0.4245846810422282
Fayette County,OH,0.8142857142857127
Fayette County,PA,0.47162314465408806
Fayette County,TN,0.9628571428571427
Fillmore County,MN,0.5750000000000001
Flagler County,FL,0.5897936507936509
Flathead County,MT,0.732142857142857
Florence County,SC,0.8371428571428571
Florida Municipio,PR,0.6511666666666667
Floyd County,IN,0.5204761904761904
Fond du Lac County,WI,0.9199999999999999
Forsyth County,GA,0.5735079365079365
Forsyth County,NC,0.4133962264150943
Fort Bend County,TX,0.45472457821703105
Franklin County,IN,0.6791428571428572
Franklin County,MO,0.47221707097933513
Franklin County,NC,0.7828571428571429
Franklin County,OH,0.8192857142857143
Franklin County,PA,0.8399999999999999
Franklin County,VA,0.3247798742138364
Franklin County,VT,0.8342857142857129
Frederick County,MD,0.44864854746930216
Frederick County,VA,0.8257142857142856
Fredericksburg city,VA,0.44864854746930216
Fremont County,WY,0.5816666666666667
Fresno County,CA,0.6845139862234202
Fulton County,GA,0.5735079365079365
Fulton County,OH,0.8178571428571428
Gadsden County,FL,0.7239285714285714
Gallatin County,KY,0.6791428571428572
Galveston County,TX,0.45472457821703105
Gaston County,NC,0.5726205450733753
Gates County,NC,0.5103174603174598
Gem County,ID,0.3847777777777778
Genesee County,MI,0.7902380952380952
Gila County,AZ,0.8122857142857143
Gilchrist County,FL,0.8399999999999999
Gilpin County,CO,0.44674638115204157
Gloucester County,NJ,0.38780988319856247
Gloucester County,VA,0.5103174603174598
Glynn County,GA,0.7291666666666659
Goliad County,TX,0.8628571428571413
Goochland County,VA,0.392412623539982
Grady County,OK,0.6422539682539682
Grainger County,TN,0.8657142857142857
Grand Isle County,VT,0.8342857142857129
Grand Traverse County,MI,0.9457142857142855
Grant County,AR,0.5061172506738544
Grant County,KY,0.6791428571428572
Grant County,WI,0.6633333333333332
Greater Bridgeport Planning Region,CT,0.8610714285714286
Green County,WI,0.8226190476190476
Greene County,AL,0.8228571428571427
Greene County,MO,0.8999999999999999
Greenup County,KY,0.38657502246181485
Gregg County,TX,0.4661814914645103
Grundy County,IA,0.9114285714285713
Grundy County,IL,0.4911651991614256
Guadalupe County,TX,0.5068475591494459
Guaynabo Municipio,PR,0.6511666666666667
Guilford County,NC,0.7735714285714286
Gurabo Municipio,PR,0.6511666666666667
Guthrie County,IA,0.6266666666666666
Gwinnett County,GA,0.5735079365079365
Hale County,AL,0.8228571428571427
Hall County,GA,0.67
Hamblen County,TN,0.9028571428571429
Hamilton County,IN,0.5999404761904762
Hamilton County,OH,0.6791428571428572
Hamilton County,TN,0.799047619047619
Hampden County,MA,0.3668800539083557
Hampshire County,WV,0.8257142857142856
Hampton city,VA,0.5103174603174598
Hancock County,IN,0.5999404761904762
Hancock County,MS,0.8857142857142857
Hancock County,WV,0.5771071428571428
Hanover County,VA,0.392412623539982
Haralson County,GA,0.5735079365079365
Hardin County,KY,0.7521428571428571
Hardin County,TX,0.4984390536088649
Harford County,MD,0.49842917041030244
Harris County,GA,0.8514285714285713
Harris County,TX,0.45472457821703105
Harrison County,IA,0.5221333333333334
Harrison County,IN,0.5204761904761904
Harrison County,MS,0.8857142857142857
Harrison County,TX,0.4661814914645103
Harrison County,WV,0.6066666666666666
Harvey County,KS,0.46012506738544473
Hawkins County,TN,0.7272619047619047
Hays County,TX,0.7
Heard County,GA,0.5735079365079365
Henderson County,NC,0.6891666666666666
Hendricks County,IN,0.5999404761904762
Hennepin County,MN,0.39595857043026833
Henrico County,VA,0.392412623539982
Henry County,GA,0.5735079365079365
Henry County,IL,0.4883333333333333
Henry County,IN,0.66
Henry County,KY,0.5204761904761904
Hernando County,FL,0.43604204851752015
Hickman County,TN,0.5222641509433962
Hidalgo County,TX,0.8457142857142842
Highlands County,FL,0.848571428571427
Hillsborough County,FL,0.43604204851752015
Hillsborough County,NH,0.8371428571428571
Hocking County,OH,0.8192857142857143
Hoke County,NC,0.7695238095238095
Honolulu County,HI,0.2131851352700409
Hopewell city,VA,0.392412623539982
Houston County,GA,0.7416666666666667
Howard County,MD,0.49842917041030244
Hudson County,NJ,0.3789288210042927
Hudspeth County,TX,0.6074992512728362
Humacao Municipio,PR,0.6511666666666667
Hunt County,TX,0.5075667115902965
Hunterdon County,NJ,0.3789288210042927
Iberville Parish,LA,0.4114077867625038
Imperial County,CA,0.6435564540281521
Indian River County,FL,0.8399999999999999
Ingham County,MI,0.897142857142857
Inyo County,CA,1.2123666666666666
Ionia County,MI,0.5671031746031745
Iowa County,WI,0.8226190476190476
Iredell County,NC,0.5726205450733753
Isanti County,MN,0.39595857043026833
Isle of Wight County,VA,0.5103174603174598
Itawamba County,MS,0.8628571428571413
Jackson County,MO,0.38596292303084756
Jackson County,MS,0.8857142857142857
Jackson County,OR,0.9114285714285713
James City County,VA,0.5103174603174598
Jasper County,GA,0.5735079365079365
Jasper County,IA,0.6266666666666666
Jasper County,IN,0.4911651991614256
Jasper County,MO,0.7573333333333333
Jefferson County,AL,0.4518203174603174
Jefferson County,CO,0.44674638115204157
Jefferson County,FL,0.7239285714285714
Jefferson County,ID,0.897142857142857
Jefferson County,KY,0.5204761904761904
Jefferson County,MO,0.47221707097933513
Jefferson County,NY,0.8742857142857142
Jefferson County,OH,0.5771071428571428
Jefferson County,TN,0.9028571428571429
Jefferson County,TX,0.4984390536088649
Jefferson County,WV,0.44864854746930216
Jefferson Davis Parish,LA,0.5727301587301588
Jefferson Parish,LA,0.5431805929919132
Jersey County,IL,0.47221707097933513
Jessamine County,KY,0.4245846810422282
Johnson County,IA,0.6783333333333333
Johnson County,IN,0.5999404761904762
Johnson County,KS,0.38596292303084756
Johnson County,TX,0.5075667115902965
Johnston County,NC,0.7828571428571429
Jones County,GA,0.7975000000000001
Jones County,IA,0.9142857142857143
Juab County,UT,0.6882222222222222
Juncos Municipio,PR,0.6511666666666667
Juneau City and Borough,AK,0.425
Kalamazoo County,MI,0.8633333333333333
Kalawao County,HI,0.24166666666666667
Kalkaska County,MI,0.9457142857142855
Kanawha County,WV,0.7616666666666667
Kane County,IL,0.4911651991614256
Kaufman County,TX,0.5075667115902965
Kendall County,IL,0.4911651991614256
Kendall County,TX,0.5068475591494459
Kennebec County,ME,0.7742857142857141
Kent County,DE,0.7360714285714285
Kent County,MI,0.5671031746031745
Kent County,RI,0.3493333333333333
Kenton County,KY,0.6791428571428572
Kern County,CA,0.874362084456424
Kershaw County,SC,0.7355952380952381
Kewaunee County,WI,0.5468730158730158
King County,WA,0.7348809523809516
King William County,VA,0.392412623539982
King and Queen County,VA,0.392412623539982
Kings County,CA,1.1140952380952378
Kings County,NY,0.3789288210042927
Klamath County,OR,1.0633333333333335
Knox County,IN,0.9571428571428571
Knox County,TN,0.8657142857142857
La Plata County,CO,0.5096226415094339
LaPorte County,IN,0.8357142857142857
Lackawanna County,PA,0.3827772985923929
Lafayette County,MO,0.38596292303084756
Lafourche Parish,LA,0.7596428571428571
Lake County,CA,0.7571428571428557
Lake County,FL,0.32548547469302186
Lake County,IL,0.4911651991614256
Lake County,IN,0.4911651991614256
Lancaster County,NE,0.7021428571428565
Lancaster County,PA,0.6887142857142856
Lancaster County,SC,0.5726205450733753
Lane County,OR,1.0511746031746032
Lanier County,GA,0.7000000000000001
Lapeer County,MI,0.49359947089947087
Larimer County,CO,0.569973544973545
Larue County,KY,0.7521428571428571
Las Piedras Municipio,PR,0.6511666666666667
Lauderdale County,MS,0.8028571428571414
Lawrence County,AL,0.7710714285714284
Lawrence County,KY,0.38657502246181485
Lawrence County,OH,0.38657502246181485
Lawrence County,PA,0.47162314465408806
Le Sueur County,MN,0.39595857043026833
Leavenworth County,KS,0.38596292303084756
Lee County,FL,0.5942698412698412
Lee County,GA,0.7766666666666667
Lee County,MS,0.8628571428571413
Leelanau County,MI,0.9457142857142855
Lehigh County,PA,0.5149115004492362
Lenawee County,MI,0.9371428571428572
Lenoir County,NC,0.8914285714285713
Leon County,FL,0.7239285714285714
Levy County,FL,0.8399999999999999
Lexington County,SC,0.7355952380952381
Liberty County,TX,0.45472457821703105
Licking County,OH,0.8192857142857143
Limestone County,AL,0.5797492063492063
Lincoln County,GA,0.7867857142857135
Lincoln County,MO,0.47221707097933513
Lincoln County,NC,0.5726205450733753
Lincoln County,OK,0.6422539682539682
Linn County,IA,0.9142857142857143
Linn County,KS,0.38596292303084756
Livingston County,KY,0.38740700808625333
Livingston County,MI,0.49359947089947087
Livingston County,NY,0.9028571428571429
Livingston Parish,LA,0.4114077867625038
Logan County,OK,0.6422539682539682
Lonoke County,AR,0.5061172506738544
Los Angeles County,CA,0.5619998442647499
Loudon County,TN,0.8657142857142857
Loudoun County,VA,0.44864854746930216
Lower Connecticut River Valley Planning Region,CT,0.5671638215034441
Lowndes County,AL,0.8314285714285699
Lowndes County,GA,0.7000000000000001
Loíza Municipio,PR,0.6511666666666667
Lucas County,OH,0.8178571428571428
Lumpkin County,GA,0.5735079365079365
Luquillo Municipio,PR,0.6511666666666667
Luzerne County,PA,0.3827772985923929
Lycoming County,PA,0.848571428571427
Lyon County,NV,0.5823809523809523
Macomb County,MI,0.49359947089947087
Macon County,IL,0.6119999999999999
Macon County,TN,0.5222641509433962
Macoupin County,IL,0.47221707097933513
Madera County,CA,0.6845139862234202
Madison County,AL,0.5797492063492063
Madison County,GA,0.8857142857142857
Madison County,IA,0.6266666666666666
Madison County,IL,0.47221707097933513
Madison County,IN,0.5999404761904762
Madison County,NC,0.6891666666666666
Madison County,NY,0.4698412698412698
Madison County,OH,0.8192857142857143
Mahoning County,OH,0.5786507936507936
Manassas Park city,VA,0.44864854746930216
Manassas city,VA,0.44864854746930216
Manatee County,FL,0.5936190476190472
Manatí Municipio,PR,0.6511666666666667
Manitowoc County,WI,1.014285714285714
Marathon County,WI,0.8742857142857142
Maricopa County,AZ,0.4925050713786563
Marin County,CA,0.3423873515024458
Marion County,FL,0.8657142857142857
Marion County,GA,0.8514285714285713
Marion County,IN,0.5999404761904762
Marion County,OR,0.8799999999999999
Marion County,TN,0.799047619047619
Marion County,WV,0.6283333333333334
Marshall County,IL,0.9571428571428571
Marshall County,MS,0.9628571428571427
Marshall County,WV,0.599015873015873
Mason County,MI,0.9371428571428572
Massac County,IL,0.38740700808625333
Matanuska-Susitna Borough,AK,0.3602777777777777
Mathews County,VA,0.5103174603174598
Maui County,HI,0.24166666666666667
Maunabo Municipio,PR,0.6511666666666667
Maury County,TN,0.5222641509433962
McClain County,OK,0.6422539682539682
McCracken County,KY,0.38740700808625333
McDuffie County,GA,0.7867857142857135
McHenry County,IL,0.4911651991614256
McIntosh County,GA,0.7291666666666659
McLean County,IL,0.9742857142857142
McLean County,KY,0.4064546271338724
Meade County,KY,0.5204761904761904
Mecklenburg County,NC,0.5726205450733753
Medina County,TX,0.5068475591494459
Mendocino County,CA,0.7332142857142849
Merced County,CA,0.6816677897574124
Mercer County,IL,0.4883333333333333
Mercer County,NJ,0.8235714285714286
Meriwether County,GA,0.5735079365079365
Merrimack County,NH,0.8257142857142856
Mesa County,CO,0.33066666666666666
Miami County,KS,0.38596292303084756
Miami-Dade County,FL,0.3261608265947889
Middlesex County,MA,0.34346031746031747
Middlesex County,NJ,0.3789288210042927
Mille Lacs County,MN,0.39595857043026833
Mills County,IA,0.5221333333333334
Milwaukee County,WI,0.8664285714285713
Missaukee County,MI,0.9485714285714285
Mobile County,AL,0.8285714285714285
Moffat County,CO,0.42133333333333334
Monmouth County,NJ,0.3789288210042927
Monongalia County,WV,0.5425396825396825
Monroe County,GA,0.7975000000000001
Monroe County,IL,0.47221707097933513
Monroe County,IN,0.9485714285714285
Monroe County,NY,0.9028571428571429
Montcalm County,MI,0.5671031746031745
Monterey County,CA,0.34782345013477084
Montgomery County,AL,0.8314285714285699
Montgomery County,MD,0.44864854746930216
Montgomery County,PA,0.38780988319856247
Montgomery County,TN,0.7805952380952372
Montgomery County,TX,0.45472457821703105
Morehouse Parish,LA,0.7452380952380951
Morgan County,AL,0.7710714285714284
Morgan County,GA,0.5735079365079365
Morgan County,IN,0.5999404761904762
Morgan County,TN,0.8657142857142857
Morgan County,UT,1.0599999999999998
Morgan County,WV,0.7609523809523809
Morovis Municipio,PR,0.6511666666666667
Morris County,NJ,0.3789288210042927
Morrow County,OH,0.8192857142857143
Morton County,ND,0.4149339622641509
Multnomah County,OR,0.6322486772486772
Murray County,GA,0.9228571428571428
Muscatine County,IA,0.5016666666666667
Muscogee County,GA,0.8514285714285713
Muskegon County,MI,1.0857142857142856
Naguabo Municipio,PR,0.6511666666666667
Naranjito Municipio,PR,0.6511666666666667
Nash County,NC,0.8628571428571413
Nassau County,FL,0.48519766397124886
Nassau County,NY,0.3789288210042927
Nelson County,KY,0.5204761904761904
Nevada County,CA,0.8830952380952379
New Castle County,DE,0.38780988319856247
New Hanover County,NC,0.857142857142857
New Kent County,VA,0.392412623539982
New York County,NY,0.3789288210042927
Newport County,RI,0.3493333333333333
Newport News city,VA,0.5103174603174598
Newton County,AR,0.8714285714285713
Newton County,GA,0.5735079365079365
Newton County,IN,0.4911651991614256
Newton County,MO,0.7573333333333333
Niagara County,NY,0.37969493860437253
Norfolk County,MA,0.34346031746031747
Norfolk city,VA,0.5103174603174598
Northampton County,PA,0.5149115004492362
Northwest Hills Planning Region,CT,0.9685714285714284
Nueces County,TX,0.5468730158730158
Oakland County,MI,0.49359947089947087
Ocean County,NJ,0.3789288210042927
Oconee County,GA,0.8857142857142857
Oconto County,WI,0.5468730158730158
Oglethorpe County,GA,0.8857142857142857
Ohio County,IN,0.6791428571428572
Ohio County,WV,0.599015873015873
Oklahoma County,OK,0.6422539682539682
Okmulgee County,OK,0.47187017070979337
Oldham County,KY,0.5204761904761904
Oliver County,ND,0.4149339622641509
Olmsted County,MN,0.5750000000000001
Onondaga County,NY,0.4698412698412698
Ontario County,NY,0.9028571428571429
Orange County,CA,0.5619998442647499
Orange County,FL,0.32548547469302186
Orange County,NC,0.8628571428571413
Orange County,TX,0.4984390536088649
Orleans County,NY,0.9028571428571429
Orleans Parish,LA,0.5431805929919132
Orocovis Municipio,PR,0.6511666666666667
Osage County,OK,0.47187017070979337
Osceola County,FL,0.32548547469302186
Oswego County,NY,0.4698412698412698
Ottawa County,MI,0.5671031746031745
Ottawa County,OK,0.8885714285714285
Ouachita Parish,LA,0.7452380952380951
Outagamie County,WI,0.7749999999999999
Owen County,IN,0.9485714285714285
Owyhee County,ID,0.3847777777777778
Ozaukee County,WI,0.8664285714285713
Palm Beach County,FL,0.3261608265947889
Park County,CO,0.44674638115204157
Parker County,TX,0.5075667115902965
Pasco County,FL,0.43604204851752015
Passaic County,NJ,0.3789288210042927
Paulding County,GA,0.5735079365079365
Pawnee County,OK,0.47187017070979337
Peach County,GA,0.7416666666666667
Pender County,NC,0.857142857142857
Pendleton County,KY,0.6791428571428572
Penobscot County,ME,0.8257142857142856
Peoria County,IL,0.9571428571428571
Perry County,AR,0.5061172506738544
Perry County,OH,0.8192857142857143
Perry County,PA,0.8089285714285714
Person County,NC,0.8628571428571413
Petersburg city,VA,0.392412623539982
Philadelphia County,PA,0.38780988319856247
Pickaway County,OH,0.8192857142857143
Pickens County,AL,0.8228571428571427
Pickens County,GA,0.5735079365079365
Pierce County,WA,0.7348809523809516
Pierce County,WI,0.39595857043026833
Pike County,GA,0.5735079365079365
Pima County,AZ,0.39607731656184486
Pinal County,AZ,0.4925050713786563
Pinellas County,FL,0.43604204851752015
Pittsburg County,OK,0.8095238095238094
Placer County,CA,0.47667656184486373
Plaquemines Parish,LA,0.5431805929919132
Platte County,MO,0.38596292303084756
Plymouth County,MA,0.34346031746031747
Pointe Coupee Parish,LA,0.4114077867625038
Polk County,FL,0.7475
Polk County,IA,0.6266666666666666
Polk County,MO,0.8999999999999999
Polk County,OR,0.8799999999999999
Poquoson city,VA,0.5103174603174598
Portage County,OH,0.5552539682539682
Porter County,IN,0.4911651991614256
Portsmouth city,VA,0.5103174603174598
Posey County,IN,0.7335396825396825
Pottawattamie County,IA,0.5221333333333334
Powhatan County,VA,0.392412623539982
Prentiss County,MS,0.8628571428571413
Preston County,WV,0.5425396825396825
Prince George County,VA,0.392412623539982
Prince George's County,MD,0.44864854746930216
Prince William County,VA,0.44864854746930216
Providence County,RI,0.3493333333333333
Pulaski County,AR,0.5061172506738544
Pulaski County,KY,0.8399999999999999
Putnam County,FL,0.3546666666666667
Putnam County,NY,0.3789288210042927
Putnam County,WV,0.38657502246181485
Queen Anne's County,MD,0.49842917041030244
Queens County,NY,0.3789288210042927
Ramsey County,MN,0.39595857043026833
Randolph County,NC,0.7735714285714286
Rappahannock County,VA,0.44864854746930216
Ray County,MO,0.38596292303084756
Rensselaer County,NY,0.4879523809523809
Richland County,SC,0.7355952380952381
Richland Parish,LA,0.7452380952380951
Richmond County,GA,0.7867857142857135
Richmond County,NY,0.3789288210042927
Richmond city,VA,0.392412623539982
Riverside County,CA,0.5109603374263751
Roane County,TN,0.8657142857142857
Roanoke County,VA,0.3247798742138364
Roanoke city,VA,0.3247798742138364
Robertson County,TN,0.5222641509433962
Rock County,WI,0.9885714285714284
Rock Island County,IL,0.4883333333333333
Rockdale County,GA,0.5735079365079365
Rockingham County,NC,0.7735714285714286
Rockingham County,NH,0.34346031746031747
Rockland County,NY,0.3789288210042927
Rockwall County,TX,0.5075667115902965
Rogers County,OK,0.47187017070979337
Routt County,CO,0.42133333333333334
Rowan County,NC,0.5726205450733753
Rusk County,TX,0.4661814914645103
Russell County,AL,0.8514285714285713
Rutherford County,TN,0.5222641509433962
Rutland County,VT,0.1960796645702306
Río Grande Municipio,PR,0.6511666666666667
Sacramento County,CA,0.47667656184486373
Sagadahoc County,ME,0.897142857142857
Salem County,NJ,0.38780988319856247
Salem city,VA,0.3247798742138364
Saline County,AR,0.5061172506738544
Salt Lake County,UT,0.517086672656484
Saluda County,SC,0.7355952380952381
San Benito County,CA,0.9057142857142856
San Bernardino County,CA,0.5109603374263751
San Diego County,CA,0.5360756963162623
San Francisco County,CA,0.3423873515024458
San Jacinto County,TX,0.45472457821703105
San Joaquin County,CA,0.7063492063492062
San Juan County,NM,0.5270619946091645
San Juan Municipio,PR,0.6511666666666667
San Lorenzo Municipio,PR,0.6511666666666667
San Luis Obispo County,CA,0.2897334531296795
San Mateo County,CA,0.3423873515024458
San Patricio County,TX,0.5468730158730158
Sandoval County,NM,0.5624060497154837
Santa Barbara County,CA,0.22279634621144054
Santa Clara County,CA,0.9057142857142856
Santa Cruz County,AZ,0.785
Santa Cruz County,CA,0.6088095238095239
Santa Rosa County,FL,0.5601587301587296
Sarasota County,FL,0.5936190476190472
Saratoga County,NY,0.4879523809523809
Sarpy County,NE,0.5221333333333334
Sauk County,WI,0.9342857142857142
Saunders County,NE,0.5221333333333334
Schenectady County,NY,0.4879523809523809
Schley County,GA,0.8514285714285713
Schoharie County,NY,0.4879523809523809
Scioto County,OH,0.38066666666666665
Scott County,IA,0.4883333333333333
Scott County,KY,0.4245846810422282
Scott County,MN,0.39595857043026833
Scott County,VA,0.7272619047619047
Sedgwick County,KS,0.46012506738544473
Seminole County,FL,0.32548547469302186
Sequatchie County,TN,0.799047619047619
Sevier County,TN,0.8914285714285713
Seward County,NE,0.7021428571428565
Shasta County,CA,0.6662380952380952
Sheboygan County,WI,1.0742857142857143
Shelby County,AL,0.4518203174603174
Shelby County,IN,0.5999404761904762
Shelby County,KY,0.5204761904761904
Shelby County,TN,0.9628571428571427
Sherburne County,MN,0.39595857043026833
Sheridan County,WY,0.5566666666666666
Silver Bow County,MT,0.6094999999999999
Skamania County,WA,0.6322486772486772
Smith County,TN,0.5222641509433962
Smith County,TX,0.4941239892183288
Snohomish County,WA,0.7348809523809516
Solano County,CA,0.3583473095737246
Somerset County,MD,0.7446428571428572
Somerset County,NJ,0.3789288210042927
Somerset County,PA,0.8685714285714284
Sonoma County,CA,0.3777333333333333
South Central Connecticut Planning Region,CT,0.8478571428571429
Spalding County,GA,0.5735079365079365
Spartanburg County,SC,0.9228571428571428
Spencer County,KY,0.5204761904761904
Spokane County,WA,0.857142857142857
Spotsylvania County,VA,0.44864854746930216
St. Bernard Parish,LA,0.5431805929919132
St. Charles County,MO,0.47221707097933513
St. Charles Parish,LA,0.5431805929919132
St. Clair County,AL,0.4518203174603174
St. Clair County,IL,0.47221707097933513
St. Clair County,MI,0.49359947089947087
St. Croix County,WI,0.39595857043026833
St. Helena Parish,LA,0.4114077867625038
St. James Parish,LA,0.5431805929919132
St. John the Baptist Parish,LA,0.5431805929919132
St. Johns County,FL,0.48519766397124886
St. Joseph County,IN,0.9628571428571427
St. Louis County,MN,0.5501904761904757
St. Louis County,MO,0.47221707097933513
St. Louis city,MO,0.47221707097933513
Stafford County,VA,0.44864854746930216
Stanislaus County,CA,0.7310154986522911
Stark County,IL,0.9571428571428571
Stark County,ND,0.45223809523809516
Stark County,OH,0.8436904761904762
Stearns County,MN,0.5983333333333333
Steuben County,NY,0.48000000000000004
Stevens County,WA,0.857142857142857
Stewart County,GA,0.8514285714285713
Stewart County,TN,0.7805952380952372
Stillwater County,MT,0.27466666666666667
Stokes County,NC,0.4133962264150943
Stone County,MS,0.8857142857142857
Storey County,NV,0.5823809523809523
Strafford County,NH,0.34346031746031747
Suffolk County,MA,0.34346031746031747
Suffolk County,NY,0.3789288210042927
Suffolk city,VA,0.5103174603174598
Sullivan County,IN,0.583079365079365
Sullivan County,TN,0.7272619047619047
Summit County,OH,0.5552539682539682
Sumner County,KS,0.46012506738544473
Sumner County,TN,0.5222641509433962
Sumter County,GA,0.8514285714285713
Surry County,VA,0.5103174603174598
Sussex County,NJ,0.3789288210042927
Sussex County,VA,0.392412623539982
Sutter County,CA,0.6869421982629529
Sweetwater County,WY,0.43359999999999993
Talbot County,GA,0.8514285714285713
Tangipahoa Parish,LA,0.63
Tarrant County,TX,0.5075667115902965
Tate County,MS,0.9628571428571427
Taylor County,WV,0.6066666666666666
Tazewell County,IL,0.9571428571428571
Tehama County,CA,0.9828571428571428
Teller County,CO,1.0057142857142858
Terrebonne Parish,LA,0.7596428571428571
Terrell County,GA,0.7766666666666667
Teton County,ID,0.8685714285714284
Teton County,WY,0.8685714285714284
Tippecanoe County,IN,0.9399999999999998
Tipton County,IN,0.5999404761904762
Tipton County,TN,0.9628571428571427
Toa Alta Municipio,PR,0.6511666666666667
Toa Baja Municipio,PR,0.6511666666666667
Tompkins County,NY,0.8514285714285713
Tooele County,UT,0.517086672656484
Torrance County,NM,0.5624060497154837
Travis County,TX,0.7
Trigg County,KY,0.7805952380952372
Trousdale County,TN,0.5222641509433962
Trujillo Alto Municipio,PR,0.6511666666666667
Trumbull County,OH,0.5786507936507936
Tulare County,CA,0.9939293201557353
Tulsa County,OK,0.47187017070979337
Tunica County,MS,0.9628571428571427
Tuolumne County,CA,0.9857142857142857
Tuscaloosa County,AL,0.8228571428571427
Twiggs County,GA,0.7975000000000001
Union County,NC,0.5726205450733753
Union County,NJ,0.3789288210042927
Union County,OH,0.8192857142857143
Union County,SC,0.9228571428571428
Union County,TN,0.8657142857142857
Union Parish,LA,0.7452380952380951
Upshur County,TX,0.4661814914645103
Utah County,UT,0.6882222222222222
Valencia County,NM,0.5624060497154837
Vanderburgh County,IN,0.7335396825396825
Vega Alta Municipio,PR,0.6511666666666667
Vega Baja Municipio,PR,0.6511666666666667
Ventura County,CA,0.5560257562144354
Vermillion County,IN,0.583079365079365
Victoria County,TX,0.8628571428571413
Vigo County,IN,0.583079365079365
Virginia Beach city,VA,0.5103174603174598
Volusia County,FL,0.5897936507936509
Wabash County,IN,0.9457142857142855
Wabasha County,MN,0.5750000000000001
Wagoner County,OK,0.47187017070979337
Wake County,NC,0.7828571428571429
Wakulla County,FL,0.7239285714285714
Walker County,AL,0.4518203174603174
Walker County,GA,0.799047619047619
Waller County,TX,0.45472457821703105
Walton County,GA,0.5735079365079365
Walworth County,WI,1.02
Warren County,IA,0.6266666666666666
Warren County,IN,0.9399999999999998
Warren County,KY,0.8828571428571428
Warren County,MO,0.47221707097933513
Warren County,NJ,0.5149115004492362
Warren County,OH,0.6791428571428572
Warren County,PA,0.5626666666666668
Warren County,VA,0.44864854746930216
Warrick County,IN,0.7335396825396825
Washington County,FL,0.8399999999999999
Washington County,IA,0.6783333333333333
Washington County,IN,0.5204761904761904
Washington County,MD,0.7609523809523809
Washington County,MN,0.39595857043026833
Washington County,NE,0.5221333333333334
Washington County,OH,0.8742857142857142
Washington County,OR,0.6322486772486772
Washington County,PA,0.47162314465408806
Washington County,RI,0.3493333333333333
Washington County,VA,0.7272619047619047
Washington County,WI,0.8664285714285713
Washoe County,NV,0.5823809523809523
Washtenaw County,MI,0.847142857142857
Waukesha County,WI,0.8664285714285713
Wayne County,MI,0.49359947089947087
Wayne County,NY,0.9028571428571429
Wayne County,WV,0.38657502246181485
Webb County,TX,0.6674857142857142
Weber County,UT,1.0599999999999998
Webster County,MO,0.8999999999999999
Weld County,CO,0.8355952380952381
Wells County,IN,0.9142857142857143
West Baton Rouge Parish,LA,0.4114077867625038
West Feliciana Parish,LA,0.4114077867625038
Westchester County,NY,0.3789288210042927
Western Connecticut Planning Region,CT,0.8610714285714286
Westmoreland County,PA,0.47162314465408806
Wexford County,MI,0.9485714285714285
Whatcom County,WA,0.7114285714285713
Whitfield County,GA,0.9228571428571428
Whitley County,IN,0.9142857142857143
Wicomico County,MD,0.7446428571428572
Will County,IL,0.4911651991614256
Williamsburg city,VA,0.5103174603174598
Williamson County,TN,0.5222641509433962
Williamson County,TX,0.7
Wilson County,TN,0.5222641509433962
Wilson County,TX,0.5068475591494459
Winchester city,VA,0.8257142857142856
Winnebago County,IL,0.9885714285714284
Wirt County,WV,0.6009365079365074
Wise County,TX,0.5075667115902965
Wood County,OH,0.8178571428571428
Wood County,WV,0.6009365079365074
Woodford County,IL,0.9571428571428571
Woodford County,KY,0.4245846810422282
Worcester County,MA,0.897142857142857
Worth County,GA,0.7766666666666667
Worth County,IA,0.3653333333333333
Wright County,MN,0.39595857043026833
Wyandotte County,KS,0.38596292303084756
Wyoming County,PA,0.3827772985923929
Yabucoa Municipio,PR,0.6511666666666667
Yadkin County,NC,0.4133962264150943
Yakima County,WA,0.8400000000000002
Yamhill County,OR,0.6322486772486772
Yellowstone County,MT,0.27466666666666667
Yolo County,CA,0.47667656184486373
York County,ME,0.897142857142857
York County,PA,0.4718787061994609
York County,SC,0.5726205450733753
York County,VA,0.5103174603174598
Yuba County,CA,0.6869421982629529
