ST,COUNTY,pollution_index
AK,ALEUTIANS EAST BOROUGH,63005.333333333336
AK,ALEUTIANS WEST CENSUS ARE,160.49828571428571
AK,ANCHORAGE MUNICIPALITY,1175.9800256410256
AK,BETHEL CENSUS AREA,80.235
AK,BRISTOL BAY BOROUGH,12510.0
AK,DENALI BOROUGH,38905.113142857146
AK,FAIRBANKS NORTH STAR BORO,12281.206199999999
AK,FAIRBANKS NORTH STAR BOROUGH,239307.39655844157
AK,HAINES BOROUGH,0.00045454545454545455
AK,JUNEAU CITY AND BOROUGH,2714394.2589189187
AK,KENAI PENINSULA BOROUGH,1520.2323333333334
AK,KETCHIKAN GATEWAY BOROUGH,0.88
AK,KODIAK ISLAND BOROUGH,11.103272727272726
AK,MATANUSKA-SUSITNA BOROUGH,86.52363636363636
AK,NORTH SLOPE BOROUGH,0.2
AK,NORTHWEST ARCTIC BOROUGH,33534530.52695652
AK,SOUTHEAST FAIRBANKS CENSU,280202.2012
AK,VALDEZ-CORDOVA CENSUS AREA,373.5348333333333
AL,AUTAUGA,136885.4422631579
AL,BALDWIN,1655.5835652173912
AL,BARBOUR,10858.890272727273
AL,BIBB,549.26675
AL,BLOUNT,291289.0
AL,BULLOCK,4692.0
AL,BUTLER,11079.7925
AL,CALHOUN,14146.646719298245
AL,CHAMBERS,22513.335166666668
AL,CHEROKEE,12851.357272727271
AL,CHILTON,464.57325
AL,CHOCTAW,142472.7027142857
AL,CLARKE,42526.00348275862
AL,CLAY,22458.65
AL,CLEBURNE,364.265
AL,COFFEE,125311.5294117647
AL,COLBERT,27615.542902439025
AL,CONECUH,1808.292
AL,COOSA,1.64
AL,COVINGTON,1434.912
AL,CULLMAN,29676.3734
AL,DALE,2957.9275000000002
AL,DALLAS,42499.58406451613
AL,DEKALB,14074.026357142857
AL,ELMORE,111684.28391666665
AL,ESCAMBIA,41708.41140476191
AL,ETOWAH,57884.289280000005
AL,FAYETTE,4460.024444444444
AL,FRANKLIN,7160.3
AL,GENEVA,7214.303333333333
AL,GREENE,54369.0
AL,HALE,21407.865
AL,HENRY,31560.763333333336
AL,HOUSTON,2406.0931034482755
AL,JACKSON,24956.7696969697
AL,JEFFERSON,12576.674304347825
AL,LAMAR,7821.5675
AL,LAUDERDALE,2863.5699285714286
AL,LAWRENCE,1684.1366666666665
AL,LEE,23288.028125
AL,LIMESTONE,5812.780825396825
AL,LOWNDES,23430.010666666665
AL,MADISON,30503.25438983051
AL,MARENGO,62928.46032142857
AL,MARION,25734.078181818182
AL,MARSHALL,19008.961875
AL,MOBILE,29127.643771863117
AL,MONROE,192899.4883333333
AL,MONTGOMERY,2537.0155679012346
AL,MORGAN,26447.15595774648
AL,PICKENS,116.63166666666666
AL,PIKE,86018.2028125
AL,RANDOLPH,1745.6779999999999
AL,RUSSELL,85118.68024
AL,SHELBY,8819.8816
AL,ST. CLAIR,2033.3257719298247
AL,SUMTER,359902.4045945946
AL,TALLADEGA,18365.422975903613
AL,TALLAPOOSA,19008.0
AL,TUSCALOOSA,23786.52907291667
AL,WALKER,299.85499999999996
AL,WASHINGTON,9232.937404255319
AL,WILCOX,78801.36255555556
AL,WINSTON,1645.5170588235292
AR,ARKANSAS,57360.256666666675
AR,ASHLEY,14478.818181818182
AR,BAXTER,10802.117499999998
AR,BENTON,13044.54852631579
AR,BOONE,8027.516666666667
AR,BRADLEY,17154.66
AR,CALHOUN,23830.196923076925
AR,CARROLL,5662.0
AR,CLARK,17126.559940476192
AR,CLAY,0.0
AR,CLEBURNE,41.42425
AR,CLEVELAND,25.048000000000002
AR,COLUMBIA,18413.572318181818
AR,CONWAY,74030.27711764707
AR,CRAIGHEAD,3444.8368214285715
AR,CRAWFORD,16093.854285714287
AR,CRITTENDEN,1999.7582727272727
AR,DESHA,47901.17764
AR,DREW,11297.0
AR,FAULKNER,6668.684444444444
AR,FRANKLIN,135.536
AR,GARLAND,71912.32111111112
AR,GRANT,11557.333333333334
AR,GREENE,3532.994833333333
AR,HEMPSTEAD,43056.4512631579
AR,HOT SPRING,4593.368
AR,HOWARD,37711.955714285716
AR,INDEPENDENCE,16591.754140350877
AR,IZARD,0.0
AR,JACKSON,1099.3999999999999
AR,JEFFERSON,69948.44083076924
AR,JOHNSON,6704.25
AR,LAWRENCE,388.2966666666667
AR,LITTLE RIVER,47109.576384615386
AR,LOGAN,71104.8
AR,LONOKE,28226.159999999996
AR,MADISON,630.6666666666666
AR,MARION,14475.442727272726
AR,MILLER,31984.836
AR,MISSISSIPPI,44637.93246226415
AR,NEVADA,23084.986999999997
AR,PHILLIPS,222.77272727272728
AR,PIKE,0.0
AR,POINSETT,0.0
AR,POLK,17822.223833333333
AR,POPE,6015.949896551724
AR,PRAIRIE,1.0
AR,PULASKI,8284.112078431373
AR,RANDOLPH,10366.5
AR,SALINE,5207.155
AR,SCOTT,96970.5
AR,SEARCY,1090.675
AR,SEBASTIAN,7263.916428571429
AR,SEVIER,29613.0
AR,ST FRANCIS,1128.73
AR,UNION,22144.774694852942
AR,WASHINGTON,6409.979586956521
AR,WHITE,2064.6547
AR,WOODRUFF,43042.75
AR,YELL,49212.08909090909
AS,EASTERN,14736.7625
AZ,APACHE,95309.41369999999
AZ,COCHISE,4286.015315789474
AZ,COCONINO,1532.6666666666667
AZ,GILA,1996530.3900731707
AZ,GRAHAM,134356.42825
AZ,GREENLEE,141411.99468965517
AZ,LA PAZ,0.0
AZ,MARICOPA,3129.3994306122445
AZ,MOHAVE,1336.3012121212123
AZ,NAVAJO,4257.836954545454
AZ,PIMA,60247.16039999999
AZ,PINAL,25371.659898550723
AZ,SANTA CRUZ,12656.978571428572
AZ,YAVAPAI,82713.74857446809
AZ,YUMA,1132.766409090909
CA,ALAMEDA,24815.490920353983
CA,AMADOR,0.0
CA,COLUSA,39653.333333333336
CA,CONTRA COSTA,11082.27816064257
CA,DEL NORTE,0.0
CA,FRESNO,6038.1773968253965
CA,GLENN,38969.932499999995
CA,HUMBOLDT,35500.2044
CA,IMPERIAL,19436.892
CA,INYO,0.0
CA,KERN,56771.10440243902
CA,KINGS,103827.62494871796
CA,LAKE,176.0
CA,LASSEN,3609.0775
CA,LOS ANGELES,6148.830264919941
CA,MADERA,7104.57772
CA,MARIN,52.0
CA,MENDOCINO,250.0
CA,MERCED,11348.24870967742
CA,MONO,0.0
CA,MONTEREY,3175.5737777777777
CA,NAPA,169.87125
CA,NEVADA,0.0
CA,ORANGE,2125.1222288557215
CA,PLACER,1188.0017916666666
CA,PLUMAS,3467.4002
CA,RIVERSIDE,1772.434195652174
CA,SACRAMENTO,12752.816783333334
CA,SAN BENITO,3262.7211666666667
CA,SAN BERNARDINO,8752.90164516129
CA,SAN DIEGO,8794.066759740259
CA,SAN FRANCISCO,0.0
CA,SAN JOAQUIN,693.4497323943663
CA,SAN LUIS OBISPO,616.4845277777778
CA,SAN MATEO,44.17326666666667
CA,SANTA BARBARA,1718.8216315789475
CA,SANTA CLARA,2612.4910568181817
CA,SANTA CRUZ,72.5145
CA,SHASTA,13413.349
CA,SISKIYOU,198.64175
CA,SOLANO,9752.688068965519
CA,SONOMA,1505.6791612903228
CA,STANISLAUS,8328.997507246377
CA,TEHAMA,666.3
CA,TULARE,9600.168718750001
CA,TUOLUMNE,0.164
CA,VENTURA,1418.4881707317072
CA,YOLO,3923.494153846154
CA,YUBA,508.1
CO,ADAMS,10500.8652320442
CO,ALAMOSA,60.875
CO,ARAPAHOE,447.52699999999993
CO,BOULDER,1618.653731707317
CO,BROOMFIELD,2681.66825
CO,CLEAR CREEK,670497.5599999999
CO,DENVER,2177.8469999999998
CO,DOUGLAS,87.9831
CO,EAGLE,0.689
CO,EL PASO,11893.573365384615
CO,ELBERT,230.001
CO,FREMONT,24265.9995
CO,GARFIELD,2656.32
CO,GRAND,140633.78
CO,JEFFERSON,10287.54609375
CO,LA PLATA,1576.4689999999998
CO,LAKE,265668.7818181818
CO,LARIMER,4013.6664482758615
CO,LOGAN,687.5555555555555
CO,MESA,11531.5492
CO,MOFFAT,63215.88814285715
CO,MORGAN,67572.99404166666
CO,PROWERS,13255.0
CO,PUEBLO,22737.17379569892
CO,RIO BLANCO,5833.685714285714
CO,ROUTT,90480.80836363636
CO,SUMMIT,63.73333333333333
CO,TELLER,814959.4714285714
CO,WELD,5523.548770334928
CO,YUMA,2309.0
CT,FAIRFIELD,2574.979756521739
CT,HARTFORD,3415.700394904459
CT,LITCHFIELD,2116.6358979591837
CT,MIDDLESEX,1948.2777586206896
CT,NEW HAVEN,1697.505928853755
CT,NEW LONDON,951.8400357142857
CT,TOLLAND,623.0559999999999
CT,WINDHAM,1164.3257666666666
DC,DISTRICT OF COLUMBIA,831.9477142857143
DE,KENT,839.6223043478261
DE,NEW CASTLE,43699.163214285705
DE,SUSSEX,20885.742512195124
FL,ALACHUA,5343.18356
FL,BAKER,0.0
FL,BAY,3086.6524
FL,BRADFORD,81148.0
FL,BREVARD,6449.166854545455
FL,BROWARD,3316.3782086330934
FL,CHARLOTTE,1.3236666666666665
FL,CITRUS,13762.646315789474
FL,CLAY,7203.174599999999
FL,COLLIER,110.63587500000001
FL,COLUMBIA,5515.0
FL,DESOTO,0.376
FL,DIXIE,0.0
FL,DUVAL,19814.000705882354
FL,ESCAMBIA,208999.99582417583
FL,FLAGLER,10112.630222222222
FL,GADSDEN,1181.758
FL,GLADES,0.11040000000000001
FL,HAMILTON,43145.66411764706
FL,HARDEE,2573.0382222222224
FL,HENDRY,52244.6199375
FL,HERNANDO,209.8303
FL,HIGHLANDS,3948.4125294117653
FL,HILLSBOROUGH,13523.17786764706
FL,HOLMES,0.0
FL,INDIAN RIVER,509.4112
FL,JACKSON,22357.015399999997
FL,LAKE,1693.0439444444446
FL,LEE,831.7549655172414
FL,LEON,448.961375
FL,LEVY,69480.2
FL,LIBERTY,11182.015111111112
FL,MANATEE,7181.3006857142855
FL,MARION,67.42580952380952
FL,MARTIN,7245.2705
FL,MIAMI-DADE,3904.6806
FL,MONROE,136.82222222222222
FL,NASSAU,48200.5568
FL,OKALOOSA,4331.661357142857
FL,OKEECHOBEE,79005.4
FL,ORANGE,11966.884048780486
FL,OSCEOLA,844.151625
FL,PALM BEACH,19177.99075
FL,PASCO,3079.6947777777777
FL,PINELLAS,4935.65985
FL,POLK,16435.59996666667
FL,PUTNAM,39298.45614285715
FL,SANTA ROSA,10751.108400000001
FL,SARASOTA,1117.068
FL,SEMINOLE,2543.4823125
FL,ST JOHNS,610.4796666666666
FL,ST LUCIE,19160.06548148148
FL,SUMTER,3670.661620689655
FL,SUWANNEE,26903.677466666664
FL,TAYLOR,87763.13471428571
FL,UNION,0.0
FL,VOLUSIA,9734.329840909091
FL,WAKULLA,1061.8333333333333
FL,WALTON,0.17833333333333332
GA,APPLING,5351.274285714286
GA,ATKINSON,12463.955
GA,BACON,4000.0
GA,BALDWIN,0.0
GA,BANKS,0.0
GA,BARROW,7365.033964285714
GA,BARTOW,10026.603272727272
GA,BEN HILL,29.764
GA,BERRIEN,106424.105
GA,BIBB,36656.28474468085
GA,BRANTLEY,3024.5
GA,BROOKS,1296.768
GA,BRYAN,1499.5762727272727
GA,BULLOCH,833.551
GA,BURKE,0.0
GA,CAMDEN,11170.27925
GA,CARROLL,9935.048413793103
GA,CATOOSA,2428.65
GA,CHATHAM,30490.058037500003
GA,CHATTAHOOCHEE,54765.27777777778
GA,CHATTOOGA,1103.0
GA,CHEROKEE,2742.5736153846156
GA,CLARKE,8568.820444444444
GA,CLAY,0.0
GA,CLAYTON,1794.747375
GA,CLINCH,28011.2
GA,COBB,7162.174098039215
GA,COFFEE,12382.393192307693
GA,COLQUITT,9949.048333333334
GA,COLUMBIA,169.45166666666668
GA,COOK,593.180909090909
GA,COWETA,1432.121
GA,CRAWFORD,0.0
GA,CRISP,1989.477288888889
GA,DADE,18631.75
GA,DAWSON,303.0126666666667
GA,DECATUR,313714.5764375
GA,DEKALB,1540.6369615384615
GA,DODGE,4058.05
GA,DOOLY,1276.451
GA,DOUGHERTY,4986.398363636364
GA,DOUGLAS,1568.2339000000002
GA,EARLY,66220.93322222221
GA,EFFINGHAM,34729.79347368421
GA,ELBERT,148250.0
GA,EMANUEL,252.805
GA,EVANS,38838.737
GA,FAYETTE,929.0877
GA,FLOYD,48908.43886538462
GA,FORSYTH,2608.4115
GA,FRANKLIN,676.8521499999999
GA,FULTON,3135.301383838384
GA,GILMER,1258.008
GA,GLYNN,39580.579967741935
GA,GORDON,808.4718857142857
GA,GRADY,13388.333333333334
GA,GREENE,39053.43825
GA,GWINNETT,3285.660606060606
GA,HABERSHAM,4744.819307692307
GA,HALL,10785.610215384617
GA,HARALSON,200.929
GA,HARRIS,249475.3025
GA,HART,1065.13
GA,HENRY,209.028
GA,HOUSTON,21210.894931034483
GA,IRWIN,0.0
GA,JACKSON,12767.88037037037
GA,JASPER,0.0
GA,JEFF DAVIS,15839.895
GA,JEFFERSON,4.84
GA,LAMAR,9850.0
GA,LAURENS,88921.73838461538
GA,LEE,0.0
GA,LIBERTY,44597.43520689655
GA,LOWNDES,33788.6892625
GA,LUMPKIN,4591.315
GA,MACON,48791.565500000004
GA,MADISON,0.0
GA,MCDUFFIE,4764.522
GA,MCINTOSH,23.9
GA,MITCHELL,639.125
GA,MONROE,23399.75145
GA,MORGAN,5909.962
GA,MURRAY,2.5
GA,MUSCOGEE,2394.4289729729726
GA,NEWTON,1183.52528125
GA,OGLETHORPE,31.25
GA,PAULDING,278.49271428571427
GA,PEACH,14678.27
GA,PICKENS,7.408714285714287
GA,PIERCE,6135.428571428572
GA,PIKE,2.6567999999999996
GA,POLK,5842.016666666667
GA,PUTNAM,7818.12
GA,RABUN,0.042
GA,RANDOLPH,14903.666666666666
GA,RICHMOND,114030.90898245614
GA,ROCKDALE,7851.933666666667
GA,SCHLEY,3606.9525000000003
GA,SCREVEN,3524.8
GA,SPALDING,98.4909090909091
GA,STEPHENS,4266.252875
GA,SUMTER,2059.7400000000002
GA,TAYLOR,1023.26
GA,TERRELL,87183.0
GA,THOMAS,829.566
GA,TIFT,390.625
GA,TOOMBS,276.035125
GA,TROUP,10759.14034883721
GA,UNION,0.733
GA,UPSON,6822.3992
GA,WALKER,3.044
GA,WALTON,2544.7085789473686
GA,WARE,19480.88888888889
GA,WARREN,11240.179333333333
GA,WASHINGTON,2220.3133333333335
GA,WAYNE,170438.69359259258
GA,WEBSTER,12347.736666666666
GA,WHITE,13844.94
GA,WHITFIELD,973.2546162790698
GA,WILKES,230.0
GA,WILKINSON,368324.0
GU,GUAM,5693.255609756097
HI,HAWAII,6063.123333333334
HI,HONOLULU,16393.373586206897
HI,KAUAI,3773.0980000000004
HI,MAUI,15952.514285714287
IA,ADAIR,602.8333333333334
IA,ADAMS,1590.9205
IA,ALLAMAKEE,97971.77777777778
IA,APPANOOSE,2329.0111111111114
IA,AUDUBON,119.0
IA,BENTON,0.004
IA,BLACK HAWK,7335.211594594593
IA,BOONE,1281.0
IA,BREMER,0.0
IA,BUCHANAN,2738.5454545454545
IA,BUENA VISTA,3840.925925925926
IA,BUTLER,20593.62962962963
IA,CALHOUN,16299.0
IA,CARROLL,53163.2
IA,CASS,7228.224166666667
IA,CEDAR,18665.333333333332
IA,CERRO GORDO,5813.408161290322
IA,CHEROKEE,3752.25
IA,CHICKASAW,803.9615384615385
IA,CLARKE,15133.333333333334
IA,CLAYTON,61107.201250000006
IA,CLINTON,41787.98446428571
IA,CRAWFORD,4895.454545454545
IA,DALLAS,21595.4245
IA,DAVIS,0.0
IA,DELAWARE,1283.5289545454546
IA,DES MOINES,2634.7513103448277
IA,DICKINSON,1483.0147647058823
IA,DUBUQUE,732.9246739130435
IA,EMMET,66.3039
IA,FAYETTE,5413.333333333333
IA,FLOYD,1923.5626296296296
IA,FRANKLIN,679.4944
IA,FREMONT,4872.9400000000005
IA,GREENE,1061.2014285714286
IA,GRUNDY,0.0
IA,GUTHRIE,2282.0625
IA,HAMILTON,3723.1515384615386
IA,HANCOCK,6658.218466666667
IA,HARDIN,23179.160299999996
IA,HARRISON,20.0
IA,HENRY,1265.7276923076922
IA,HOWARD,1106.75
IA,HUMBOLDT,4983.519
IA,IDA,2431.5333333333333
IA,IOWA,2519.4197777777777
IA,JACKSON,1942.314285714286
IA,JASPER,10713.247
IA,JEFFERSON,346.2
IA,JOHNSON,3462.1644285714287
IA,KEOKUK,0.0
IA,KOSSUTH,2999.6964285714284
IA,LEE,97996.34941071428
IA,LINN,22415.440444444444
IA,LOUISA,122149.22492857142
IA,LUCAS,0.0
IA,MADISON,83.0
IA,MAHASKA,550.6986666666668
IA,MARION,9250.55655
IA,MARSHALL,19350.120714285713
IA,MILLS,846312.48
IA,MITCHELL,2189.793157894737
IA,MONROE,57915.985483870965
IA,MONTGOMERY,1586.010818181818
IA,MUSCATINE,41385.00611111111
IA,O'BRIEN,26415.934999999998
IA,OSCEOLA,849.6
IA,PAGE,126.806
IA,PALO ALTO,11891.0475
IA,PLYMOUTH,1193.3809523809523
IA,POCAHONTAS,4394.4
IA,POLK,5656.081343434343
IA,POTTAWATTAMIE,29809.92369230769
IA,POWESHIEK,4304.6138
IA,SAC,290.462
IA,SCOTT,12745.8902
IA,SHELBY,5.0
IA,SIOUX,1573.5042857142855
IA,STORY,1192.9100454545455
IA,TAMA,0.09499999999999999
IA,TAYLOR,7166.363333333334
IA,UNION,13868.553333333333
IA,VAN BUREN,0.0
IA,WAPELLO,28366.31125
IA,WARREN,11.81
IA,WASHINGTON,2690.05
IA,WAYNE,109.275
IA,WEBSTER,19277.06930232558
IA,WINNEBAGO,8.2
IA,WINNESHIEK,532.8735555555555
IA,WOODBURY,56349.57273611111
IA,WORTH,1415.142857142857
IA,WRIGHT,34750.538
ID,ADA,4557.137632653062
ID,ADAMS,188.34
ID,BANNOCK,1272.4
ID,BENEWAH,13589.526000000002
ID,BINGHAM,7171.625
ID,BLAINE,383.45
ID,BONNER,148.4668
ID,BONNEVILLE,1208.5969411764706
ID,BOUNDARY,56.768
ID,BUTTE,14451.807999999999
ID,CANYON,20629.980770833332
ID,CARIBOU,127133.12205405405
ID,CASSIA,292116.87647058826
ID,CLEARWATER,2.83
ID,CUSTER,175224.0
ID,ELMORE,9643.266666666666
ID,GOODING,188321.16666666666
ID,IDAHO,13806.0
ID,JEROME,3648.12
ID,KOOTENAI,14265.44505263158
ID,LATAH,11.466666666666667
ID,LEMHI,494.7525
ID,LEWIS,6.09
ID,LINCOLN,62576.81019999999
ID,MINIDOKA,332151.7833333333
ID,NEZ PERCE,24486.218390625
ID,OWYHEE,85517.15177777778
ID,PAYETTE,61.9
ID,POWER,151376.5733
ID,SHOSHONE,769128.9992
ID,TWIN FALLS,47532.390090909095
ID,VALLEY,45.15
IL,ADAMS,39263.7246
IL,ALEXANDER,689810.78
IL,BOND,0.10016666666666667
IL,BOONE,1425.2160000000001
IL,BUREAU,0.78
IL,CARROLL,770.0076190476191
IL,CASS,674743.5
IL,CHAMPAIGN,907.0058113207547
IL,CHRISTIAN,12058.693269230767
IL,CLARK,597.0666
IL,CLAY,273.0444444444445
IL,COLES,1394.742888888889
IL,COOK,15060.72150051177
IL,CRAWFORD,13462.57025
IL,CUMBERLAND,0.0
IL,DEKALB,3440.7562666666663
IL,DOUGLAS,4604.166666666667
IL,DUPAGE,1909.7467460317462
IL,EDGAR,205.833
IL,EDWARDS,0.0
IL,EFFINGHAM,6144.864
IL,FAYETTE,0.0
IL,FORD,40782.97054545454
IL,FRANKLIN,20757.351666666666
IL,FULTON,1754.9050000000002
IL,GRUNDY,10979.473454545456
IL,HENRY,2083.1264
IL,IROQUOIS,255574.501
IL,JACKSON,13939.3084
IL,JASPER,41020.26735294117
IL,JEFFERSON,52001.3998
IL,JERSEY,241.44
IL,JO DAVIESS,108450.07173333333
IL,KANE,3633.4897203389833
IL,KANKAKEE,16528.577344262296
IL,KENDALL,5.8
IL,KNOX,4761.654
IL,LAKE,1372.7504040404042
IL,LASALLE,15302.673172839506
IL,LEE,2798.5861333333332
IL,LIVINGSTON,74.50341666666667
IL,LOGAN,4933.666666666667
IL,MACON,20269.06646111111
IL,MACOUPIN,0.0
IL,MADISON,30273.21010759494
IL,MARION,8619.494999999999
IL,MARSHALL,12380.928
IL,MASON,54279.0
IL,MASSAC,10115.742222222221
IL,MCDONOUGH,1.0415
IL,MCHENRY,1221.314135135135
IL,MCLEAN,15371.28
IL,MERCER,9861.5
IL,MONROE,326.0
IL,MONTGOMERY,4627.552666666667
IL,MOULTRIE,6513.6375
IL,OGLE,8077.249705882353
IL,PEORIA,4464.816846153846
IL,PERRY,2946.16775
IL,PIATT,14981.0
IL,PIKE,395.5
IL,PUTNAM,4790.592941176471
IL,RANDOLPH,4958.993
IL,RICHLAND,0.0
IL,ROCK ISLAND,29891.71302352941
IL,SANGAMON,2321.1594375
IL,ST. CLAIR,5153.419809210526
IL,STARK,256.25
IL,STEPHENSON,3291.704117647059
IL,TAZEWELL,4578.039323076923
IL,VERMILION,84592.32317142858
IL,WARREN,11652.833333333334
IL,WASHINGTON,217389.66978125
IL,WHITE,1216.94
IL,WHITESIDE,32220.16590909091
IL,WILL,10139.563837638378
IL,WILLIAMSON,8339.645068965518
IL,WINNEBAGO,5490.130479166666
IL,WOODFORD,83.74281818181818
IN,ADAMS,23843.51
IN,ALLEN,13481.796094202899
IN,BARTHOLOMEW,6944.055068181819
IN,BLACKFORD,2569.028
IN,BOONE,7520.339000000001
IN,CARROLL,2062.0
IN,CASS,125657.09755405407
IN,CLARK,3800.547
IN,CLAY,1889.3970384615386
IN,CLINTON,22830.80226086956
IN,DAVIESS,1004.0432857142857
IN,DEARBORN,1814.75
IN,DECATUR,4987.58105
IN,DEKALB,12134.227158536585
IN,DELAWARE,24501.57625581395
IN,DUBOIS,10444.225
IN,ELKHART,10114.583121621623
IN,FAYETTE,3490.034090909091
IN,FLOYD,704.561
IN,FOUNTAIN,6653.0166
IN,FRANKLIN,62.08033333333333
IN,FULTON,20009.283333333336
IN,GIBSON,58170.0034
IN,GRANT,5007.0855625
IN,GREENE,8291.0
IN,HAMILTON,2252.073785714286
IN,HANCOCK,19656.446454545458
IN,HARRISON,2145.5
IN,HENDRICKS,4474.3322499999995
IN,HENRY,1685.1018181818183
IN,HOWARD,1366.965677419355
IN,HUNTINGTON,6289.55409375
IN,JACKSON,123430.30418181818
IN,JASPER,26852.737444444443
IN,JAY,2813.0724375
IN,JEFFERSON,39954.71577142858
IN,JENNINGS,2743.275555555556
IN,JOHNSON,5337.771033333333
IN,KNOX,29656.008655172413
IN,KOSCIUSKO,13825.97923076923
IN,LAGRANGE,1849.6750000000002
IN,LAKE,68139.31892727273
IN,LAPORTE,10987.4238028169
IN,LAWRENCE,6843.898250000001
IN,MADISON,1639.3577272727273
IN,MARION,28298.008738461536
IN,MARSHALL,25262.57966666667
IN,MARTIN,8361.617428571428
IN,MIAMI,6.5
IN,MONROE,7.75
IN,MONTGOMERY,31898.495052631584
IN,MORGAN,833.6524999999999
IN,NOBLE,14876.495117647057
IN,ORANGE,2760.0
IN,PARKE,11.68
IN,PERRY,131920.22131578947
IN,PIKE,8804.06845
IN,PORTER,74012.14539024391
IN,POSEY,45658.08231481481
IN,PULASKI,1221.8239999999998
IN,PUTNAM,1397.016129032258
IN,RANDOLPH,1320.0354545454545
IN,RIPLEY,4157.493
IN,RUSH,1190.9258333333335
IN,SCOTT,526.15
IN,SHELBY,43962.09784848485
IN,SPENCER,342810.8632142857
IN,ST JOSEPH,6816.178285714286
IN,STARKE,40.46666666666667
IN,STEUBEN,2923.675375
IN,SULLIVAN,50009.96088
IN,TIPPECANOE,18267.79793103448
IN,UNION,7477.5
IN,VANDERBURGH,1461.5463114754098
IN,VERMILLION,47225.71665384615
IN,VIGO,4172.388707317074
IN,WABASH,20350.704024390245
IN,WARRICK,58920.37850980392
IN,WASHINGTON,164.71428571428572
IN,WAYNE,6897.622066666667
IN,WELLS,1688.2649999999999
IN,WHITE,14860.147
IN,WHITLEY,994.9041555555555
KS,ALLEN,5294.394909090909
KS,ANDERSON,946.63
KS,ATCHISON,6692.651176470587
KS,BARBER,108.99
KS,BARTON,1261.7496153846153
KS,BOURBON,8005.0
KS,BUTLER,4210.297371794872
KS,CHEROKEE,5123.669935483871
KS,CLOUD,250.0
KS,COWLEY,156798.17
KS,CRAWFORD,59.5925
KS,DICKINSON,8.762727272727274
KS,DONIPHAN,985.4623636363635
KS,DOUGLAS,11784.53745
KS,ELLIS,8251.000727272727
KS,ELLSWORTH,172778.31191666666
KS,FINNEY,17161.989763157897
KS,FORD,76224.3462962963
KS,FRANKLIN,4447.92
KS,GEARY,6772.275000000001
KS,GOVE,1118.83625
KS,GRANT,3313.470909090909
KS,HARPER,5944.2625
KS,HARVEY,57.3275
KS,HASKELL,10.0
KS,JOHNSON,568.8525454545455
KS,KINGMAN,3818.99
KS,LABETTE,6066.577272727273
KS,LEAVENWORTH,257.82666666666665
KS,LINN,69473.7840625
KS,LYON,83458.878
KS,MARION,2.23075
KS,MARSHALL,1140.6250833333334
KS,MCPHERSON,5727.359039215686
KS,MIAMI,0.0
KS,MITCHELL,9.023454545454545
KS,MONTGOMERY,12604.56818888889
KS,MORRIS,0.0
KS,NEOSHO,5251.752268292683
KS,OSBORNE,8983.0
KS,PHILLIPS,3661.1150000000002
KS,POTTAWATOMIE,80541.06691666666
KS,PRATT,1709.158
KS,RENO,2972.5647999999997
KS,REPUBLIC,0.0
KS,RICE,929.3433333333334
KS,RILEY,23.400000000000002
KS,RUSH,234932.01
KS,RUSSELL,2258.1600000000003
KS,SALINE,3710.5073103448276
KS,SEDGWICK,13537.50172
KS,SEWARD,6794.267894736842
KS,SHAWNEE,71901.99772727273
KS,SHERMAN,229.485
KS,SMITH,3619.0
KS,SUMNER,0.0
KS,WILSON,13881.857290322581
KS,WYANDOTTE,31180.706855263157
KY,ALLEN,0.0
KY,ANDERSON,117.06336363636365
KY,BALLARD,64183.58543478261
KY,BARREN,6199.089303030303
KY,BOONE,14575.42740909091
KY,BOURBON,9721.598913043477
KY,BOYD,6255.3138771929825
KY,BOYLE,264.5599090909091
KY,BULLITT,378.77775
KY,BUTLER,189705.35916666666
KY,CALDWELL,17839.8
KY,CALLOWAY,3345.3940714285714
KY,CAMPBELL,64.3
KY,CARROLL,134839.295
KY,CARTER,99555.5
KY,CHRISTIAN,24536.836341463415
KY,CLARK,1500.21
KY,CLAY,606.44
KY,CLINTON,11364.572
KY,CUMBERLAND,0.0
KY,DAVIESS,21561.170738095236
KY,FAYETTE,2062.2359117647056
KY,FLEMING,0.0
KY,FLOYD,15.2
KY,FRANKLIN,564.5405000000001
KY,FULTON,1345.5080000000003
KY,GALLATIN,43813.255615384616
KY,GRANT,423.3333333333333
KY,GRAVES,49518.0
KY,GRAYSON,1933.44
KY,GREENUP,1220.7122222222222
KY,HANCOCK,22030.487095238095
KY,HARDIN,22140.60614285714
KY,HARRISON,4971.4
KY,HART,652.135
KY,HENDERSON,12641.667039215687
KY,HENRY,25771.212333333333
KY,HOPKINS,62998.187777777785
KY,JEFFERSON,11848.925574534162
KY,JESSAMINE,7074.629538461539
KY,KENTON,1069.2008108108107
KY,KNOX,72262.16666666667
KY,LAUREL,4296.9971428571425
KY,LEWIS,12084.75
KY,LOGAN,10346.291966666668
KY,LYON,287.175
KY,MADISON,4051.85250877193
KY,MARION,880.0327272727274
KY,MARSHALL,15971.205395683455
KY,MARTIN,989.59
KY,MASON,54148.0838
KY,MCCRACKEN,45937.97043181818
KY,MCCREARY,1038.183
KY,MCLEAN,0.0
KY,MEADE,5895.716533333333
KY,MERCER,37982.733
KY,METCALFE,83.2338
KY,MONTGOMERY,4755.1466666666665
KY,MORGAN,29.233
KY,MUHLENBERG,40992.52255555556
KY,NELSON,867.1917647058824
KY,OHIO,120482.36407407408
KY,PENDLETON,25161.085000000003
KY,POWELL,7511.817142857143
KY,PULASKI,1666.0770799999998
KY,ROWAN,2866.1676923076925
KY,RUSSELL,57.28
KY,SCOTT,11044.687096774192
KY,SHELBY,310.8262352941177
KY,SIMPSON,1366.7965172413792
KY,TAYLOR,23983.5
KY,TODD,456.5888888888889
KY,TRIGG,146.03285714285715
KY,TRIMBLE,58892.4237
KY,UNION,3244.7066666666665
KY,WARREN,5509.793117647058
KY,WASHINGTON,1165.9975000000002
KY,WEBSTER,2358.03
KY,WHITLEY,76.08900000000001
KY,WOODFORD,225.35166666666666
LA,ACADIA PARISH,1088.9910909090909
LA,ALLEN PARISH,6026.00025
LA,ASCENSION PARISH,79138.90284132842
LA,ASSUMPTION PARISH,2228.75
LA,AVOYELLES PARISH,207.63400000000001
LA,BEAUREGARD PARISH,33664.322928571426
LA,BIENVILLE PARISH,16502.495454545457
LA,BOSSIER PARISH,376.4714516129032
LA,CADDO PARISH,16152.686200000002
LA,CALCASIEU PARISH,39038.83915349888
LA,CAMERON PARISH,92.75333333333333
LA,CLAIBORNE PARISH,5250.0
LA,CONCORDIA PARISH,3.8350000000000004
LA,DE SOTO PARISH,216124.28055000002
LA,EAST BATON ROUGE PARISH,15474.509464285715
LA,EVANGELINE PARISH,13112.6
LA,GRANT PARISH,347.4975
LA,IBERIA PARISH,1168.1788000000001
LA,IBERVILLE PARISH,39028.38495932204
LA,JACKSON PARISH,56591.33221428572
LA,JEFFERSON DAVIS PARISH,155946.474
LA,JEFFERSON PARISH,185834.79984210528
LA,LA SALLE PARISH,12655.908333333333
LA,LAFAYETTE PARISH,2371.0765694444444
LA,LAFOURCHE PARISH,1517.831193548387
LA,LINCOLN PARISH,4154.165
LA,LIVINGSTON PARISH,9026.912333333334
LA,MADISON PARISH,1030.3333333333333
LA,MOREHOUSE PARISH,6967.646000000001
LA,NATCHITOCHES PARISH,42882.328133333336
LA,ORLEANS PARISH,2019.5246666666665
LA,OUACHITA PARISH,215365.66057142857
LA,PLAQUEMINES PARISH,89727.84471153846
LA,POINTE COUPEE PARISH,28924.859399999998
LA,RAPIDES PARISH,11302.160847826086
LA,RED RIVER PARISH,7527.185965517241
LA,RICHLAND PARISH,1341.77775
LA,SABINE PARISH,12158.341666666665
LA,ST. BERNARD PARISH,7542.856320512821
LA,ST. CHARLES PARISH,55089.09551265823
LA,ST. JAMES PARISH,36739.079327272724
LA,ST. JOHN THE BAPTIST PARISH,16902.17706923077
LA,ST. LANDRY PARISH,19698.781153846154
LA,ST. MARTIN PARISH,18370.365
LA,ST. MARY PARISH,14369.406594594595
LA,ST. TAMMANY PARISH,3493.1020000000003
LA,TANGIPAHOA PARISH,55596.066666666666
LA,TERREBONNE PARISH,1753.338
LA,UNION PARISH,155206.14285714287
LA,VERMILION PARISH,1293.0153333333333
LA,VERNON PARISH,17925.633333333335
LA,WASHINGTON PARISH,126891.9281764706
LA,WEBSTER PARISH,3878.9617647058826
LA,WEST BATON ROUGE PARISH,12039.211474226804
LA,WEST CARROLL PARISH,0.7
LA,WEST FELICIANA PARISH,57801.337199999994
LA,WINN PARISH,10444.208
MA,BARNSTABLE,188.62499999999997
MA,BERKSHIRE,1463.1103333333333
MA,BRISTOL,2732.7749274193548
MA,ESSEX,4593.3729882352945
MA,FRANKLIN,12.15425
MA,HAMPDEN,10928.596336633664
MA,HAMPSHIRE,1557.8480833333333
MA,MIDDLESEX,8289.88031972789
MA,NANTUCKET,63.20133333333334
MA,NORFOLK,2903.3285104166666
MA,PLYMOUTH,2189.873
MA,SUFFOLK,340.82814893617024
MA,WORCESTER,1758.839301369863
MD,ALLEGANY,16598.39830769231
MD,ANNE ARUNDEL,36275.855306122445
MD,BALTIMORE,330.9103333333333
MD,BALTIMORE (CITY),1740.321907216495
MD,CALVERT,0.0
MD,CAROLINE,122.003
MD,CARROLL,385.1203448275863
MD,CECIL,5392.356375
MD,CHARLES,2911.727
MD,DORCHESTER,96067.44166666667
MD,FREDERICK,0.007941176470588236
MD,HARFORD,2138.946266666667
MD,HOWARD,1016.4507368421051
MD,KENT,124.20777777777776
MD,MONTGOMERY,1.9196666666666669
MD,PRINCE GEORGE'S,147.78868
MD,SOMERSET,0.0
MD,ST. MARY'S,2.8806
MD,WASHINGTON,4617.209891304347
MD,WICOMICO,14403.1576
MD,WORCESTER,0.0
ME,ANDROSCOGGIN,3249.5124347826086
ME,AROOSTOOK,79378.738
ME,CUMBERLAND,1754.188168539326
ME,FRANKLIN,0.05
ME,HANCOCK,5940.0
ME,KENNEBEC,2340.396
ME,KNOX,1717.4618500000001
ME,LINCOLN,65.2
ME,OXFORD,104452.9228
ME,PENOBSCOT,2638.3637272727274
ME,SAGADAHOC,2673.677
ME,SOMERSET,90568.32196153846
ME,WALDO,534.6283684210526
ME,WASHINGTON,24634.67415
ME,YORK,1463.6245625
MI,ALGER,34352.666666666664
MI,ALLEGAN,50877.33229166667
MI,ALPENA,27734.6905
MI,ANTRIM,2094.1954545454546
MI,BARAGA,0.0
MI,BARRY,1489.627625
MI,BAY,10078.438142857141
MI,BERRIEN,1294.0768923076923
MI,BRANCH,15365.776105263158
MI,CALHOUN,7140.41620289855
MI,CASS,123.89444444444445
MI,CHARLEVOIX,22013.575153846155
MI,CHIPPEWA,0.0
MI,CLARE,4246.2
MI,CLINTON,987.0239285714285
MI,CRAWFORD,16334.419047619047
MI,DELTA,31600.315818181818
MI,DICKINSON,22084.724413793105
MI,EATON,2926.6172790697674
MI,GENESEE,5961.375595744681
MI,GOGEBIC,0.35
MI,GRAND TRAVERSE,44117.314
MI,GRATIOT,15612.997529411763
MI,HILLSDALE,6148.486
MI,HOUGHTON,44894.50778571429
MI,HURON,52490.55666666667
MI,INGHAM,9496.655785714285
MI,IONIA,5759.785238095238
MI,IOSCO,3583.324285714286
MI,ISABELLA,105.395625
MI,JACKSON,2802.3064354838707
MI,KALAMAZOO,6193.104236111111
MI,KALKASKA,12758.748749999999
MI,KENT,2886.038490291262
MI,LAPEER,3426.814615384615
MI,LENAWEE,5451.6068787878785
MI,LIVINGSTON,3108.9034444444446
MI,LUCE,2001.5
MI,MACOMB,5328.567174603175
MI,MANISTEE,50682.075277777774
MI,MARQUETTE,446136.26957142854
MI,MASON,12976.808
MI,MECOSTA,2714.445
MI,MENOMINEE,5814.507615384616
MI,MIDLAND,7458.89205785124
MI,MISSAUKEE,0.0
MI,MONROE,62247.31185245902
MI,MONTCALM,3703.664166666667
MI,MUSKEGON,26116.772523809523
MI,NEWAYGO,4162.418181818181
MI,OAKLAND,2577.7524696132596
MI,OCEANA,221.755
MI,OGEMAW,15.815249999999999
MI,OSCEOLA,4763.591666666666
MI,OTSEGO,4.5945
MI,OTTAWA,27196.19592783505
MI,SAGINAW,2232.8049743589745
MI,SANILAC,3270.404
MI,SCHOOLCRAFT,0.0545
MI,SHIAWASSEE,15295.344761904762
MI,ST JOSEPH,3233.1346153846152
MI,ST. CLAIR,35881.086875
MI,TUSCOLA,6513.820909090909
MI,VAN BUREN,2742.0155714285715
MI,WASHTENAW,3014.1736296296294
MI,WAYNE,30561.10363968254
MI,WEXFORD,16840.755714285715
MN,ANOKA,4128.192884615384
MN,BECKER,5.303454545454546
MN,BELTRAMI,5155.2394
MN,BENTON,978.125
MN,BLUE EARTH,29740.74671111111
MN,BROWN,217.4531875
MN,CARLTON,43754.619
MN,CARVER,3290.0509655172414
MN,CASS,10384.0
MN,CHIPPEWA,1473.4285555555555
MN,CHISAGO,4589.974857142857
MN,CLAY,35931.110714285714
MN,CLEARWATER,24279.88
MN,COTTONWOOD,1158.288888888889
MN,CROW WING,24.85125
MN,DAKOTA,33233.14839175258
MN,DODGE,3687.8311111111107
MN,DOUGLAS,10082.31377777778
MN,FARIBAULT,6050.314428571429
MN,FILLMORE,6434.3
MN,FREEBORN,1929.2205555555556
MN,GOODHUE,11126.63104
MN,HENNEPIN,7930.060829059828
MN,HOUSTON,0.4
MN,HUBBARD,12008.475
MN,ISANTI,33010.884000000005
MN,ITASCA,129587.88405263159
MN,JACKSON,2405.6246315789476
MN,KANDIYOHI,692.3555555555555
MN,KITTSON,251049.0
MN,KOOCHICHING,23287.879133333332
MN,LAC QUI PARLE,52390.42
MN,LAKE,3455.875
MN,LE SUEUR,10216.320555555554
MN,LYON,548.8479444444445
MN,MARSHALL,33389.0
MN,MARTIN,13397.822419354841
MN,MCLEOD,5952.567451612904
MN,MEEKER,10313.666666666666
MN,MILLE LACS,0.001
MN,MORRISON,10969.971111111112
MN,MOWER,6560.0
MN,NICOLLET,767.8
MN,NOBLES,70893.04775
MN,OLMSTED,11848.650266666667
MN,OTTER TAIL,3302.4288260869566
MN,PENNINGTON,34.93333333333333
MN,PINE,450.68
MN,PIPESTONE,333.3333333333333
MN,POLK,39845.9775625
MN,RAMSEY,2568.810930232558
MN,REDWOOD,32606.323187500002
MN,RENVILLE,38399.7912
MN,RICE,1145.3465384615383
MN,ROCK,0.0
MN,ROSEAU,3.75
MN,SCOTT,360.97092592592594
MN,SHERBURNE,115298.8129310345
MN,SIBLEY,8127.112875
MN,ST LOUIS,9233.948242424243
MN,STEARNS,6093.38646
MN,STEELE,10042.087296296297
MN,STEVENS,998.96
MN,SWIFT,1890.359
MN,TODD,109786.96333333333
MN,WABASHA,355.016
MN,WADENA,22709.34
MN,WASECA,2648.1173333333336
MN,WASHINGTON,15328.138035294118
MN,WINONA,2308.770433333333
MN,WRIGHT,3535.2369166666667
MO,ADAIR,0.0
MO,ANDREW,0.0
MO,AUDRAIN,25834.692199999998
MO,BARRY,6335.177088235294
MO,BARTON,90296.87
MO,BOONE,368.1840740740741
MO,BUCHANAN,16851.24543373494
MO,BUTLER,3980.3682
MO,CALDWELL,0.0
MO,CALLAWAY,3187.943636363636
MO,CAMDEN,0.0715
MO,CAPE GIRARDEAU,19824.388860000003
MO,CARROLL,2693.5714285714284
MO,CARTER,1981.0
MO,CASS,26.364
MO,CEDAR,3609.1
MO,CHRISTIAN,5.909428571428571
MO,CLARK,0.0
MO,CLAY,15677.700052631577
MO,COLE,146.21860869565216
MO,COOPER,1957.67025
MO,CRAWFORD,14561.368666666667
MO,DAVIESS,0.0
MO,DENT,341.0
MO,DOUGLAS,1752.1
MO,DUNKLIN,62.5
MO,FRANKLIN,25887.406450704224
MO,GENTRY,1.25
MO,GREENE,4803.2810104166665
MO,GRUNDY,47.869
MO,HENRY,16445.075
MO,HOLT,9822.695444444445
MO,HOWARD,1939.0
MO,HOWELL,2086.0620000000004
MO,IRON,756274.8875882353
MO,JACKSON,12306.895917197453
MO,JASPER,8868.175714285713
MO,JEFFERSON,5662.786528301886
MO,JOHNSON,11646.539692307693
MO,LACLEDE,1206.6805263157894
MO,LAFAYETTE,0.0
MO,LAWRENCE,2049.863888888889
MO,LINCOLN,1592.4171428571428
MO,LIVINGSTON,289.117625
MO,MACON,930.625
MO,MADISON,123077.23000000001
MO,MARIES,61.5505
MO,MARION,7394.003178571429
MO,MCDONALD,6259.685153846154
MO,MONITEAU,415.54
MO,MONROE,7.0
MO,MONTGOMERY,2378.8708888888887
MO,MORGAN,17664.551
MO,NEW MADRID,72678.35265384616
MO,NEWTON,3356.6158421052633
MO,NODAWAY,6.790363636363637
MO,OSAGE,0.0
MO,PEMISCOT,41878.50461538462
MO,PERRY,1609.0955555555556
MO,PETTIS,29289.228369565215
MO,PHELPS,0.0
MO,PIKE,20476.23833333333
MO,PLATTE,38015.18873913043
MO,POLK,2.89
MO,PULASKI,48558.76666666666
MO,PUTNAM,0.0
MO,RALLS,2650.4554749999998
MO,RANDOLPH,61263.22247058823
MO,RAY,827.8555555555555
MO,REYNOLDS,1248210.1807692307
MO,SALINE,2735.423076923077
MO,SCOTT,6899.305714285714
MO,SHANNON,384.0
MO,SHELBY,8.66
MO,ST CHARLES,17336.835736842106
MO,ST LOUIS,6717.491794392523
MO,ST LOUIS (CITY),4219.570028571428
MO,ST. FRANCOIS,458.005
MO,STE. GENEVIEVE,22127.296882352937
MO,STODDARD,15420.067200000001
MO,SULLIVAN,92539.5
MO,TANEY,12.758
MO,TEXAS,6657.265
MO,VERNON,44626.80714285715
MO,WARREN,1515.0314285714287
MO,WASHINGTON,53.518235294117645
MO,WAYNE,9230.506333333333
MO,WEBSTER,2040.8126363636366
MO,WRIGHT,12332.91
MP,SAIPAN,227.2126153846154
MS,ADAMS,0.0
MS,ALCORN,21838.2652
MS,AMITE,3326.35
MS,BENTON,120000.0
MS,BOLIVAR,8541.710142857142
MS,CALHOUN,45647.0
MS,CHICKASAW,2.24
MS,CHOCTAW,87983.9701875
MS,CLAIBORNE,27.8
MS,CLARKE,2137.5833333333335
MS,CLAY,584.425
MS,COAHOMA,15111.20525
MS,COPIAH,49599.0
MS,COVINGTON,93146.14933333332
MS,DESOTO,10257.252233333333
MS,FORREST,8288.494295454544
MS,GEORGE,1960.9716666666666
MS,GRENADA,7790.167875
MS,HANCOCK,8867.819095238096
MS,HARRISON,158282.78473584907
MS,HINDS,7503.0815581395345
MS,HUMPHREYS,12057.5
MS,ITAWAMBA,1586.4631333333334
MS,JACKSON,31437.88677272727
MS,JASPER,218.07420000000002
MS,JEFFERSON DAVIS,0.095
MS,JONES,25226.165559999998
MS,KEMPER,136.3168
MS,LAFAYETTE,2858.234916666667
MS,LAMAR,177.3336
MS,LAUDERDALE,3013.22472
MS,LAWRENCE,91457.51273684211
MS,LEAKE,615698.3333333334
MS,LEE,11694.9215
MS,LEFLORE,3738.96
MS,LINCOLN,195.35999999999999
MS,LOWNDES,33508.31655072464
MS,MADISON,12763.257419354839
MS,MARSHALL,36656.548
MS,MONROE,247953.66344999996
MS,MONTGOMERY,54070.0
MS,NESHOBA,7345.714285714285
MS,NEWTON,13659.605384615385
MS,NOXUBEE,7189.3
MS,OKTIBBEHA,3011.937428571429
MS,PANOLA,8318.047714285714
MS,PEARL RIVER,75.4942
MS,PERRY,106873.73985185186
MS,PIKE,133280.2111111111
MS,PONTOTOC,4854.365
MS,PRENTISS,0.0
MS,RANKIN,45468.94165217391
MS,SCOTT,40488.39025
MS,SIMPSON,0.0
MS,SMITH,15068.84
MS,STONE,1943.3697333333334
MS,SUNFLOWER,327.897
MS,TATE,0.14166666666666666
MS,TIPPAH,901.4996666666667
MS,TISHOMINGO,14407.610750000002
MS,TUNICA,1.4736
MS,UNION,7479.916375
MS,WALTHALL,0.0
MS,WARREN,91911.62585714286
MS,WASHINGTON,1546.1040689655174
MS,WAYNE,5317.9980000000005
MS,WEBSTER,16035.006666666666
MS,WILKINSON,2448.4788
MS,WINSTON,125.57147368421053
MS,YALOBUSHA,4.3
MS,YAZOO,103025.79916666668
MT,BIG HORN,8806.223846153845
MT,BROADWATER,7458.016125
MT,CASCADE,16309.4228
MT,CUSTER,125.0
MT,DAWSON,233.096
MT,DEER LODGE,9456.677666666666
MT,FLATHEAD,6988.8971
MT,GALLATIN,2007.445
MT,GLACIER,26.25
MT,JEFFERSON,6919.260666666666
MT,LEWIS AND CLARK,3725.0068
MT,LINCOLN,424.19
MT,MISSOULA,4665.6185000000005
MT,RAVALLI,5779.4475
MT,RICHLAND,1380.0
MT,ROSEBUD,294220.417
MT,SANDERS,6.36
MT,SHERIDAN,0.0
MT,SILVER BOW,2112327.883157895
MT,STILLWATER,38474.21157894737
MT,SWEET GRASS,51182.225
MT,TOOLE,0.00025
MT,YELLOWSTONE,5562.763442622951
NC,ALAMANCE,3609.063727272727
NC,ALEXANDER,5013.492222222222
NC,ALLEGHANY,83.33333333333333
NC,ANSON,540.6211999999999
NC,ASHE,377.75
NC,BEAUFORT,131456.50103125
NC,BERTIE,285608.95625
NC,BLADEN,139961.25535714286
NC,BRUNSWICK,1326.9128095238095
NC,BUNCOMBE,3297.9063488372094
NC,BURKE,2049.671185185185
NC,CABARRUS,22162.324727272728
NC,CALDWELL,10162.1286875
NC,CARTERET,7200.407333333334
NC,CASWELL,0.0
NC,CATAWBA,19867.76303703704
NC,CHATHAM,16710.678964285715
NC,CHEROKEE,59.339999999999996
NC,CHOWAN,67909.535
NC,CLEVELAND,13251.049568627452
NC,COLUMBUS,84384.02307692307
NC,CRAVEN,25482.56885294118
NC,CUMBERLAND,25587.09572222222
NC,DARE,67.15
NC,DAVIDSON,7106.283864864866
NC,DAVIE,1900.2048
NC,DUPLIN,4569.151238095238
NC,DURHAM,15554.67921276596
NC,EDGECOMBE,10376.970833333333
NC,FORSYTH,15727.27737735849
NC,FRANKLIN,1382.6872727272728
NC,GASTON,3538.9754408602153
NC,GRANVILLE,9082.308272727272
NC,GUILFORD,1550.7289722222224
NC,HALIFAX,38048.72874074074
NC,HARNETT,390.15784615384615
NC,HAYWOOD,42429.17957142857
NC,HENDERSON,6081.671689655173
NC,HERTFORD,112250.2492
NC,HOKE,614.7333333333333
NC,IREDELL,2313.3269818181816
NC,JACKSON,40.989250000000006
NC,JOHNSTON,2054.3053529411764
NC,JONES,961.62
NC,LEE,20033.632307692307
NC,LENOIR,10672.508352941177
NC,LINCOLN,3912.6925882352944
NC,MACON,0.068
NC,MADISON,5.0035
NC,MARTIN,45427.6812173913
NC,MCDOWELL,4904.7681250000005
NC,MECKLENBURG,16885.839155080215
NC,MITCHELL,3977.6
NC,MONTGOMERY,15705.375
NC,MOORE,45.80542857142857
NC,NASH,1561.591111111111
NC,NEW HANOVER,80925.55357142857
NC,NORTHAMPTON,9286.153846153846
NC,ONSLOW,82690.12191666667
NC,ORANGE,714.3234285714286
NC,PASQUOTANK,0.0
NC,PERQUIMANS,11.0
NC,PERSON,42928.82328571429
NC,PITT,10043.695407407407
NC,RANDOLPH,13405.114083333332
NC,RICHMOND,35945.45958333334
NC,ROBESON,13509.846076923075
NC,ROCKINGHAM,28064.126538461536
NC,ROWAN,5217.82074025974
NC,RUTHERFORD,357702.81175000005
NC,SAMPSON,1564.4378333333334
NC,SCOTLAND,21371.28818181818
NC,STANLY,2582.2064166666664
NC,STOKES,14777.570583333334
NC,SURRY,12514.092416666666
NC,SWAIN,0.38
NC,UNION,932.6807727272727
NC,VANCE,435.20875
NC,WAKE,7073.411543478261
NC,WASHINGTON,1.805
NC,WAYNE,3788.417375
NC,WILKES,5530.026055555555
NC,WILSON,19459.53518181818
NC,YANCEY,19.0
ND,BARNES,601.3919999999999
ND,BILLINGS,253.9125
ND,BURLEIGH,2359.7625000000003
ND,CASS,4824.020073170732
ND,DIVIDE,751.6666666666666
ND,DUNN,3918.1892500000004
ND,FOSTER,5165.746666666667
ND,GRAND FORKS,44733.5
ND,LAMOURE,0.0
ND,MCHENRY,288711.5
ND,MCKENZIE,256808.51294117648
ND,MCLEAN,87435.74485714287
ND,MERCER,256528.89339166664
ND,MORTON,9818.252069767443
ND,MOUNTRAIL,3694.4792307692305
ND,OLIVER,297977.6450555555
ND,PEMBINA,41495.59166666667
ND,RAMSEY,90615.0
ND,RANSOM,57061.822199999995
ND,RICHLAND,22732.968434782608
ND,SARGENT,3380.54
ND,STARK,1909.3447222222223
ND,STUTSMAN,10078.5171875
ND,TRAILL,40457.333333333336
ND,WARD,109.05
ND,WILLIAMS,960.5178
NE,ADAMS,62051.439791666664
NE,BOONE,2816.1428571428573
NE,BOX BUTTE,26227.38
NE,BUFFALO,3895.7914814814817
NE,CASS,22555.022333333338
NE,CHEYENNE,0.4
NE,CLAY,0.0
NE,COLFAX,297670.83999999997
NE,CUMING,14747.85425
NE,DAKOTA,9949.217760000001
NE,DAWSON,114168.4938888889
NE,DIXON,17590.5
NE,DODGE,22091.713964285715
NE,DOUGLAS,3534.174205479452
NE,FILLMORE,3136.431666666667
NE,FURNAS,908.4444444444445
NE,GAGE,44543.583333333336
NE,HALL,9795.6593
NE,HAMILTON,4474.914545454545
NE,HITCHCOCK,2438.875
NE,HOLT,875.6865000000001
NE,JEFFERSON,8772.29909090909
NE,JOHNSON,78.0
NE,KEARNEY,1507.0511111111111
NE,KEITH,0.112
NE,KIMBALL,9000.807272727272
NE,LANCASTER,27056.414662337662
NE,LINCOLN,32672.642095238098
NE,MADISON,5645.031567567567
NE,MERRICK,1163.888888888889
NE,MORRILL,1121.75
NE,NEMAHA,42.3
NE,OTOE,122124.4595882353
NE,PERKINS,1063.6
NE,PHELPS,14566.5
NE,PIERCE,3117.0
NE,PLATTE,10091.819803030303
NE,RED WILLOW,7272.282333333334
NE,SALINE,292594.1104285714
NE,SARPY,299.3575
NE,SAUNDERS,27398.11333333334
NE,SCOTTS BLUFF,9825.444
NE,SEWARD,12.560500000000001
NE,STANTON,6571.859444444443
NE,VALLEY,1205.6666666666667
NE,WASHINGTON,11684.908113636366
NE,WAYNE,1.0048
NE,YORK,171.171875
NH,BELKNAP,66.76470588235294
NH,CARROLL,2451.0
NH,CHESHIRE,1306.8171428571427
NH,COOS,82.06777777777778
NH,GRAFTON,2716.7624736842104
NH,HILLSBOROUGH,799.9005128205127
NH,MERRIMACK,3453.1623658536587
NH,ROCKINGHAM,722.2428461538462
NH,STRAFFORD,794.0309130434782
NH,SULLIVAN,1173.05
NJ,ATLANTIC,10333.8
NJ,BERGEN,2016.255189189189
NJ,BURLINGTON,4674.490805555555
NJ,CAMDEN,932.9795161290323
NJ,CUMBERLAND,5219.183384615385
NJ,ESSEX,2505.230582278481
NJ,GLOUCESTER,4962.835323529413
NJ,HUDSON,13970.934885714287
NJ,HUNTERDON,15015.098666666667
NJ,MERCER,757.6259523809524
NJ,MIDDLESEX,16424.82141847826
NJ,MONMOUTH,1070.6454583333334
NJ,MORRIS,2694.943482758621
NJ,OCEAN,1343.3827222222221
NJ,PASSAIC,951.5828604651164
NJ,SALEM,11868.319292682927
NJ,SOMERSET,1607.4968474576272
NJ,SUSSEX,12.92225
NJ,UNION,22764.304136054423
NJ,WARREN,33008.395000000004
NM,BERNALILLO,5840.924209677419
NM,CHAVES,961.2
NM,CURRY,9472.286153846155
NM,DONA ANA,1197.6185333333333
NM,EDDY,117628.95092792792
NM,GRANT,88229.29411764706
NM,HIDALGO,0.0
NM,LEA,997057.6570309277
NM,LOS ALAMOS,16135.979
NM,MCKINLEY,3.3333333333333335
NM,OTERO,31915.933333333334
NM,ROOSEVELT,6176.450000000001
NM,SAN JUAN,37473.55672
NM,SAN JUAN MUNICIPIO,506.0
NM,SANDOVAL,845.0519999999999
NM,VALENCIA,469.125
NV,CARSON CITY,635.2525
NV,CARSON CITY (CITY),54.85763636363636
NV,CHURCHILL,170514.7302857143
NV,CLARK,18886.44599193548
NV,DOUGLAS,188.05333333333337
NV,ELKO,1124535.6452738096
NV,ESMERALDA,6981.293
NV,EUREKA,898575.4702444444
NV,HUMBOLDT,276251.6165555556
NV,LANDER,329801.1647058823
NV,LYON,961.4846382978723
NV,MINERAL,251.9857142857143
NV,NYE,193971.65385
NV,PERSHING,439978.78619047615
NV,STOREY,20550.765096153846
NV,WASHOE,933.0589
NV,WHITE PINE,511089.0766666667
NY,ALBANY,4078.0745918367347
NY,ALLEGANY,12247.288
NY,BRONX,120.500125
NY,BROOME,734.0812
NY,CATTARAUGUS,30918.332285714285
NY,CAYUGA,4011.77
NY,CHAUTAUQUA,1137.8468148148147
NY,CHEMUNG,1948.2490526315787
NY,CHENANGO,175.06463636363637
NY,CLINTON,0.08600000000000001
NY,COLUMBIA,142.74
NY,CORTLAND,2215.809
NY,DELAWARE,8676.917928571429
NY,DUTCHESS,28661.45052631579
NY,ERIE,5015.45270718232
NY,ESSEX,12919.543857142857
NY,FRANKLIN,5.0
NY,FULTON,3270.415625
NY,GENESEE,2387.881043478261
NY,GREENE,139.2406
NY,HERKIMER,1884.735666666667
NY,JEFFERSON,5029.854363636363
NY,KINGS,1097.78508
NY,LEWIS,142.0
NY,LIVINGSTON,154.24374999999998
NY,MADISON,2806.4127894736844
NY,MONROE,13848.61012371134
NY,MONTGOMERY,2365.66
NY,NASSAU,1288.7772131147542
NY,NEW YORK,6.23
NY,NIAGARA,7597.630525252525
NY,ONEIDA,6379.882295081968
NY,ONONDAGA,28946.842776119403
NY,ONTARIO,406.46031578947367
NY,ORANGE,16230.334166666666
NY,ORLEANS,4284.544285714286
NY,OSWEGO,11960.674181818182
NY,OTSEGO,0.012333333333333333
NY,PUTNAM,223.89876923076923
NY,QUEENS,4529.713296296297
NY,RENSSELAER,2410.8115833333336
NY,RICHMOND,19152.302499999998
NY,ROCKLAND,2984.4291000000003
NY,SARATOGA,13736.30281632653
NY,SCHENECTADY,3566.8518888888884
NY,SCHUYLER,0.28700000000000003
NY,SENECA,2962.60255
NY,ST. LAWRENCE,82908.87651428573
NY,STEUBEN,1030.8513157894736
NY,SUFFOLK,2537.843774509804
NY,TIOGA,11825.082857142857
NY,TOMPKINS,25072.891111111112
NY,ULSTER,0.676
NY,WARREN,37278.98895
NY,WASHINGTON,889.7682500000001
NY,WAYNE,1055.1442352941176
NY,WESTCHESTER,1178.4201724137931
NY,WYOMING,10.22
NY,YATES,9843.65
OH,ALLEN,73404.83107317073
OH,ASHLAND,5438.297727272728
OH,ASHTABULA,74846.83743023257
OH,AUGLAIZE,5360.041342105263
OH,BELMONT,1002.495
OH,BROWN,118.625
OH,BUTLER,11538.949316091954
OH,CARROLL,1987.9469411764705
OH,CHAMPAIGN,7487.114545454547
OH,CLARK,4071.6938484848483
OH,CLERMONT,361.333303030303
OH,CLINTON,462.7
OH,COLUMBIANA,1454.9444152542374
OH,COSHOCTON,184318.29458333334
OH,CRAWFORD,1090.6699999999998
OH,CUYAHOGA,20408.48985652174
OH,DARKE,1489.865
OH,DEFIANCE,14882.724333333334
OH,DELAWARE,1074.0334444444445
OH,ERIE,13771.307685714284
OH,FAIRFIELD,3149.5622352941177
OH,FAYETTE,3674.162272727273
OH,FRANKLIN,4176.432170984456
OH,FULTON,5046.6125142857145
OH,GALLIA,195843.86272222223
OH,GEAUGA,639.9415
OH,GREENE,13265.694166666666
OH,GUERNSEY,4487.388269230769
OH,HAMILTON,6851.81463670412
OH,HANCOCK,25899.424242424244
OH,HARDIN,16401.0
OH,HARRISON,1949.272
OH,HENRY,2016.0628571428572
OH,HIGHLAND,191.8
OH,HOCKING,1491.6666666666667
OH,HOLMES,6054.95675
OH,HURON,27105.90148148148
OH,JACKSON,8572.33888888889
OH,JEFFERSON,45130.11036206897
OH,KNOX,3.871125
OH,LAKE,8301.870344594594
OH,LAWRENCE,494.303875
OH,LICKING,12602.984887096774
OH,LOGAN,7945.617027027028
OH,LORAIN,3857.8694065934064
OH,LUCAS,18380.27068691589
OH,MADISON,488.6923076923077
OH,MAHONING,3342.924524590164
OH,MARION,33378.138
OH,MEDINA,6860.699178082192
OH,MEIGS,5.0
OH,MERCER,84.8307142857143
OH,MIAMI,1991.9046078431375
OH,MONROE,3876.5
OH,MONTGOMERY,10227.776864864865
OH,MORGAN,8127.9375
OH,MORROW,45.464499999999994
OH,MUSKINGUM,3768.179230769231
OH,NOBLE,2269.0
OH,OTTAWA,67677.72657894736
OH,PAULDING,5951.83475
OH,PERRY,4798.5332
OH,PICKAWAY,1357.5763793103447
OH,PIKE,15018.055
OH,PORTAGE,4605.707637931035
OH,PREBLE,1343.4243333333334
OH,PUTNAM,6445.887027027027
OH,RICHLAND,6700.301885714285
OH,ROSS,38283.90435
OH,SANDUSKY,106460.93368333332
OH,SCIOTO,28137.319684210528
OH,SENECA,1940.7338571428572
OH,SHELBY,12830.310266666667
OH,STARK,22988.728835294118
OH,SUMMIT,1550.0673669064747
OH,TRUMBULL,20136.471213483146
OH,TUSCARAWAS,65657.66953846155
OH,UNION,24036.386166666667
OH,VAN WERT,30230.332476190473
OH,VINTON,1678.142857142857
OH,WARREN,4298.575631578947
OH,WASHINGTON,42975.63908
OH,WAYNE,2690.129582278481
OH,WILLIAMS,5428.47948
OH,WOOD,26136.78406521739
OH,WYANDOT,6168.490909090909
OK,ADAIR,443.79400000000004
OK,BEAVER,337.77777777777777
OK,BECKHAM,0.0
OK,BLAINE,21.049999999999997
OK,BRYAN,5236.729
OK,CANADIAN,3826.179118644068
OK,CARTER,3373.804057692308
OK,CHEROKEE,0.1615
OK,CHOCTAW,6409.6735
OK,CLEVELAND,1607.1826666666666
OK,COAL,2672.2
OK,COMANCHE,30994.347944444446
OK,CRAIG,21.18
OK,CREEK,7402.733
OK,CUSTER,911.98
OK,DELAWARE,6893.633333333334
OK,DEWEY,35.333333333333336
OK,GARFIELD,247769.1705
OK,GARVIN,12534.770322580645
OK,GRADY,2964.2333333333336
OK,HUGHES,1478.909090909091
OK,JACKSON,75.18
OK,JEFFERSON,12919.24
OK,KAY,24363.099812499997
OK,KINGFISHER,1821.24
OK,LE FLORE,26284.382999999998
OK,LINCOLN,137.33333333333334
OK,LOGAN,311.6666666666667
OK,MAJOR,89590.01484375
OK,MARSHALL,3981.5763999999995
OK,MAYES,96753.60833962263
OK,MCCURTAIN,220487.354945946
OK,MUSKOGEE,2885.695395833333
OK,NOBLE,10993.79357142857
OK,NOWATA,0.0
OK,OKFUSKEE,14094.914250000002
OK,OKLAHOMA,2865.853976
OK,OKMULGEE,13162.465
OK,OSAGE,122793.83333333333
OK,OTTAWA,14872.639230769231
OK,PAYNE,2360.87975
OK,PITTSBURG,8664.921384615385
OK,PONTOTOC,7017.5353076923075
OK,POTTAWATOMIE,27.1885
OK,PUSHMATAHA,721.25
OK,ROGER MILLS,636.6666666666666
OK,ROGERS,19670.796446428572
OK,SEMINOLE,7566.5
OK,SEQUOYAH,30.97366666666667
OK,STEPHENS,15126.371428571427
OK,TEXAS,61.15
OK,TILLMAN,28056.525
OK,TULSA,8529.587368098159
OK,WAGONER,1.72
OK,WASHINGTON,11910.0
OK,WASHITA,341.0
OK,WOODS,3047.0454545454545
OK,WOODWARD,44208.63677419355
OR,BAKER,4610.1506
OR,BENTON,2227.0394285714287
OR,CLACKAMAS,14798.776699999999
OR,CLATSOP,28971.391
OR,COLUMBIA,576999.6236363637
OR,COOS,4464.8859999999995
OR,CROOK,0.0
OR,CURRY,94.405
OR,DESCHUTES,2629.812529411765
OR,DOUGLAS,6248.032571428572
OR,GILLIAM,126713.403125
OR,HOOD RIVER,1458.0975
OR,JACKSON,6458.477235294117
OR,JEFFERSON,0.0
OR,JOSEPHINE,11281.00125
OR,KLAMATH,29765.578545454544
OR,LAKE,312.001
OR,LANE,8019.171587499999
OR,LINCOLN,56551.0819375
OR,LINN,65479.904573770495
OR,MALHEUR,92221.0
OR,MARION,2079.6393958333333
OR,MORROW,6607.352142857142
OR,MULTNOMAH,5037.294432160804
OR,POLK,12452.0
OR,TILLAMOOK,44.251666666666665
OR,UMATILLA,30226.7246
OR,UNION,7502.966666666667
OR,WASCO,4347.1957142857145
OR,WASHINGTON,2461.6428602150536
OR,YAMHILL,42266.451260869566
PA,ADAMS,6008.595823529412
PA,ALLEGHENY,31589.68736466165
PA,ARMSTRONG,19202.117772727273
PA,BEAVER,9132.077048275862
PA,BEDFORD,2795.3116666666665
PA,BERKS,20619.86360958904
PA,BLAIR,683.3048124999999
PA,BRADFORD,29356.236296296298
PA,BUCKS,1405.248638888889
PA,BUTLER,24699.605732824428
PA,CAMBRIA,36162.3771025641
PA,CAMERON,5.0
PA,CARBON,17685.071500000002
PA,CENTRE,2587.4188999999997
PA,CHESTER,2913.0678076923077
PA,CLARION,29057.957142857143
PA,CLEARFIELD,2349.525730769231
PA,CLINTON,1225.9495652173914
PA,COLUMBIA,342.17999999999995
PA,CRAWFORD,4686.933
PA,CUMBERLAND,5402.746489361702
PA,DAUPHIN,3984.114604651163
PA,DELAWARE,7263.383813333333
PA,ELK,4599.410414285714
PA,ERIE,2307.4792441860463
PA,FAYETTE,1996.9142857142856
PA,FRANKLIN,2475.6492272727273
PA,FULTON,1307.2142857142858
PA,GREENE,2.5
PA,HUNTINGDON,21096.783333333333
PA,INDIANA,19807.689074074075
PA,JEFFERSON,3159.443642857143
PA,JUNIATA,16959.98214285714
PA,LACKAWANNA,2024.9251724137932
PA,LANCASTER,7097.323535294117
PA,LAWRENCE,11076.609407407408
PA,LEBANON,4173.7681111111115
PA,LEHIGH,28322.50820967742
PA,LUZERNE,1682.9721481481483
PA,LYCOMING,2097.337907692308
PA,MCKEAN,9773.494526315788
PA,MERCER,3786.410419642857
PA,MIFFLIN,3145.2057499999996
PA,MONROE,403.6219411764706
PA,MONTGOMERY,5535.939446969697
PA,MONTOUR,4935.9271
PA,NORTHAMPTON,10669.464362068964
PA,NORTHUMBERLAND,7662.583303030303
PA,PHILADELPHIA,3919.2732976190478
PA,POTTER,3582.928
PA,SCHUYLKILL,26885.912233333333
PA,SNYDER,6969.736363636364
PA,SOMERSET,1909.3135714285715
PA,TIOGA,13174.106315789473
PA,UNION,76447.56685714285
PA,VENANGO,17135.594296296294
PA,WARREN,4974.740880952381
PA,WASHINGTON,6285.633144736842
PA,WAYNE,1681.06
PA,WESTMORELAND,57080.45653846154
PA,WYOMING,4530.6286666666665
PA,YORK,10803.855246753248
PR,AGUADILLA MUNICIPIO,1450.223
PR,AIBONITO MUNICIPIO,1822.45
PR,ANASCO MUNICIPIO,1014.5
PR,ARECIBO MUNICIPIO,1579.177857142857
PR,BARCELONETA MUNICIPIO,79626.2215
PR,BAYAMON MUNICIPIO,1775.4879629629631
PR,CAGUAS MUNICIPIO,1.3983333333333334
PR,CANOVANAS MUNICIPIO,1105.5
PR,CAROLINA MUNICIPIO,4112.0732727272725
PR,CATANO MUNICIPIO,76.12819999999999
PR,CAYEY MUNICIPIO,20138.0
PR,CEIBA MUNICIPIO,15.445
PR,CIDRA MUNICIPIO,22774.832000000002
PR,COAMO MUNICIPIO,25.0
PR,DORADO MUNICIPIO,0.903
PR,FAJARDO MUNICIPIO,2719.79
PR,GUAYAMA MUNICIPIO,38969.121173913045
PR,GUAYANILLA MUNICIPIO,23880.14563636364
PR,GUAYNABO MUNICIPIO,1144.5242857142857
PR,HATILLO MUNICIPIO,755.0
PR,HUMACAO MUNICIPIO,249.62428571428572
PR,JAYUYA MUNICIPIO,10.0
PR,JUANA DIAZ MUNICIPIO,131.81
PR,JUNCOS MUNICIPIO,213.682
PR,LAS PIEDRAS MUNICIPIO,4401.375
PR,MANATI MUNICIPIO,11537.6855
PR,MARICAO MUNICIPIO,11.4
PR,MAYAGUEZ MUNICIPIO,667.7525
PR,NAGUABO MUNICIPIO,2524.5
PR,PENUELAS MUNICIPIO,13829.333785714287
PR,PONCE MUNICIPIO,410002.0
PR,SABANA GRANDE MUNICIPIO,0.0
PR,SALINAS MUNICIPIO,12402.16230769231
PR,SAN GERMAN MUNICIPIO,452.5
PR,SAN JUAN MUNICIPIO,4948.5399375
PR,SAN LORENZO MUNICIPIO,15861.898888888889
PR,SANTA ISABEL MUNICIPIO,20.767333333333333
PR,TOA ALTA MUNICIPIO,2665.0
PR,TOA BAJA MUNICIPIO,22012.524999999998
PR,VEGA BAJA MUNICIPIO,1043.0
PR,YABUCOA MUNICIPIO,1139.4883333333335
PR,YAUCO MUNICIPIO,149886.0
RI,BRISTOL,2939.115
RI,KENT,227.56370967741935
RI,NEWPORT,654.3
RI,PROVIDENCE,2699.9664666666667
RI,WASHINGTON,1738.7829666666667
SC,ABBEVILLE,5491.223166666666
SC,AIKEN,7838.880573333333
SC,ALLENDALE,5924.094684210526
SC,ANDERSON,5286.609727272727
SC,BAMBERG,13.9
SC,BARNWELL,20384.517499999998
SC,BEAUFORT,8062.363857142857
SC,BERKELEY,50042.98378991596
SC,CALHOUN,33882.85875
SC,CHARLESTON,9599.358081632652
SC,CHEROKEE,15808.385358974358
SC,CHESTER,3099.18734
SC,CHESTERFIELD,10913.583878787878
SC,CLARENDON,4952.75
SC,COLLETON,12289.666666666666
SC,DARLINGTON,34201.24836363637
SC,DILLON,8295.6337
SC,DORCHESTER,5932.691235294118
SC,EDGEFIELD,496.3565
SC,FAIRFIELD,475.2335
SC,FLORENCE,23095.79038235294
SC,GEORGETOWN,54315.84996825397
SC,GREENVILLE,4683.129514124294
SC,GREENWOOD,2854.1896250000004
SC,HAMPTON,29863.533600000002
SC,HORRY,2632.1336666666666
SC,JASPER,29707.904499999997
SC,KERSHAW,21363.537814814812
SC,LANCASTER,150314.73977142858
SC,LAURENS,2701.338021276596
SC,LEE,88381.525
SC,LEXINGTON,9904.462785714286
SC,MARION,233405.0
SC,MARLBORO,40136.013166666664
SC,NEWBERRY,24902.043818181814
SC,OCONEE,2352.4065135135133
SC,ORANGEBURG,13020.70052136752
SC,PICKENS,2557.165
SC,RICHLAND,28727.987342342345
SC,SALUDA,8114.428571428572
SC,SPARTANBURG,4073.130261802575
SC,SUMTER,11404.504527777775
SC,UNION,1164.4555555555555
SC,WILLIAMSBURG,3968.513333333334
SC,YORK,28437.61606140351
SD,BEADLE,1429.6833333333334
SD,BON HOMME,1035.0
SD,BROOKINGS,58346.79968181818
SD,BROWN,24980.905235294118
SD,CAMPBELL,709.2257500000001
SD,CHARLES MIX,5.0
SD,CODINGTON,28374.615074074078
SD,DAVISON,562.0833333333334
SD,DAY,14043.0
SD,DEUEL,80.318
SD,DOUGLAS,1.25
SD,EDMUNDS,7026.0
SD,GRANT,18152.838545454546
SD,HAMLIN,0.0
SD,HUTCHINSON,851.035
SD,LAKE,3574.4629999999997
SD,LAWRENCE,150536.0323076923
SD,LINCOLN,8429.764625
SD,MARSHALL,9.443333333333333
SD,MINNEHAHA,45925.99947619048
SD,PENNINGTON,2456.8514
SD,POTTER,0.0
SD,ROBERTS,5610.8
SD,SPINK,2531.225
SD,SULLY,2387.532222222222
SD,TURNER,2123.133333333333
SD,UNION,1.0909090909090908
SD,YANKTON,1079.831
TN,ANDERSON,9178.033027777778
TN,BEDFORD,36651.2
TN,BENTON,801.0
TN,BLEDSOE,11.666666666666666
TN,BLOUNT,18196.749382352944
TN,BRADLEY,5805.069041666667
TN,CARROLL,140.45825
TN,CARTER,5714.643333333333
TN,CHEATHAM,12285.613529411765
TN,CHESTER,31.052222222222227
TN,CLAIBORNE,3064.352555555555
TN,COCKE,7709.724090909091
TN,COFFEE,6535.449210526316
TN,CROCKETT,6004.0
TN,CUMBERLAND,113.875
TN,DAVIDSON,1829.0819099099099
TN,DECATUR,1.6666666666666667
TN,DEKALB,9442.347777777779
TN,DICKSON,2795.6914545454547
TN,DYER,2009.4901764705883
TN,FAYETTE,4067.3126315789473
TN,FRANKLIN,3274.525
TN,GIBSON,20745.307
TN,GILES,5723.7238125
TN,GRAINGER,0.0
TN,GREENE,11410.219357142856
TN,HAMBLEN,1309.771411764706
TN,HAMILTON,5793.373783625731
TN,HARDEMAN,0.0
TN,HARDIN,88153.92323809525
TN,HAWKINS,154804.54148148146
TN,HAYWOOD,4348.673
TN,HENDERSON,2013.446
TN,HENRY,11975.269
TN,HUMPHREYS,218418.35073333333
TN,JACKSON,26978.855
TN,JEFFERSON,214282.4819285714
TN,JOHNSON,17133.5
TN,KNOX,25732.475524590165
TN,LAUDERDALE,0.0
TN,LAWRENCE,118.86
TN,LEWIS,96877.0
TN,LINCOLN,12214.395999999999
TN,LOUDON,100106.22788571428
TN,MACON,3844.3683333333333
TN,MADISON,56735.54775409836
TN,MARION,11498.74752173913
TN,MARSHALL,355.99356
TN,MAURY,24538.06144897959
TN,MCMINN,10045.146384615384
TN,MCNAIRY,694.6044444444444
TN,MEIGS,708.3943333333333
TN,MONROE,43029.08538709677
TN,MONTGOMERY,337030.8392105263
TN,MORGAN,29.0
TN,OBION,20997.152307692308
TN,PUTNAM,4323.338000000001
TN,RHEA,2692.8961200000003
TN,ROANE,17941.4094516129
TN,ROBERTSON,200.07333333333335
TN,RUTHERFORD,11925.350714285714
TN,SCOTT,1489.0
TN,SEVIER,311.763
TN,SHELBY,8456.001214285714
TN,SMITH,140371.18245833335
TN,STEWART,125130.08795833333
TN,SULLIVAN,40407.256946236565
TN,SUMNER,41290.13097297298
TN,TIPTON,4577.75
TN,TROUSDALE,0.55
TN,UNICOI,8918.060000000001
TN,UNION,8.433333333333334
TN,VAN BUREN,213.0
TN,WARREN,1103.7185
TN,WASHINGTON,7357.692
TN,WAYNE,16440.0
TN,WEAKLEY,5938.1392857142855
TN,WHITE,724.5
TN,WILLIAMSON,6757.0896
TN,WILSON,2041.3107586206897
TX,ANDERSON,56376.39675000001
TX,ANDREWS,30155.471818181817
TX,ANGELINA,4552.914953488372
TX,ATASCOSA,101698.33
TX,AUSTIN,777.3291538461539
TX,BASTROP,3119.5221764705884
TX,BEE,3072.2407058823533
TX,BELL,6569.197793103448
TX,BEXAR,3556.314087378641
TX,BOSQUE,309.3333333333333
TX,BOWIE,3078.321388888889
TX,BRAZORIA,38569.446628432954
TX,BRAZOS,76781.36220833333
TX,BROWN,14345.011384615384
TX,BURLESON,1103.0666666666666
TX,BURNET,4425.4912
TX,CALDWELL,786.924375
TX,CALHOUN,199215.6537314815
TX,CAMERON,3552.0800408163263
TX,CAMP,42751.4375
TX,CARSON,4424.688
TX,CASS,128156.56240909091
TX,CASTRO,6050.0
TX,CHAMBERS,6438.430462365592
TX,CHEROKEE,14943.537647058823
TX,CHILDRESS,3007.69
TX,CLAY,605.1184000000001
TX,COKE,0.0
TX,COLLIN,5006.0213829787235
TX,COLORADO,1191.7052
TX,COMAL,6384.3882
TX,COMANCHE,0.0
TX,COOKE,9148.6443
TX,CRANE,3119211.83515
TX,CROCKETT,3433.29
TX,CULBERSON,4054.4896774193553
TX,DALLAM,15822.74625
TX,DALLAS,3628.0031931818185
TX,DEAF SMITH,2369.51125
TX,DENTON,507.6529038461539
TX,DEWITT,5042.8421052631575
TX,DIMMIT,2537.4
TX,EASTLAND,4742.3556
TX,ECTOR,3249.021593023256
TX,EL PASO,10271.396627906977
TX,ELLIS,7764.3447950310565
TX,ERATH,4535.1695
TX,FALLS,0.0
TX,FANNIN,0.0
TX,FAYETTE,6702.944888888888
TX,FISHER,16.0575
TX,FORT BEND,27864.775943396227
TX,FREESTONE,1.16
TX,FRIO,558.8947368421053
TX,GAINES,3490.0981
TX,GALVESTON,62628.15566081872
TX,GILLESPIE,0.0
TX,GLASSCOCK,2751.404761904762
TX,GOLIAD,13749.162777777778
TX,GONZALES,2692.0
TX,GRAY,13803.256666666668
TX,GRAYSON,1225.8410416666668
TX,GREGG,4497.1563703703705
TX,GRIMES,2220.838947368421
TX,GUADALUPE,28140.813759259257
TX,HALE,3180.011272727272
TX,HARDIN,2626.171117647059
TX,HARRIS,20513.288539033456
TX,HARRISON,35754.57851694915
TX,HAYS,1452.168411764706
TX,HENDERSON,6892.478312499999
TX,HIDALGO,4763.9976875
TX,HILL,37.6944
TX,HOCKLEY,7936.631181818182
TX,HOOD,280.0015384615385
TX,HOPKINS,14243.75
TX,HOUSTON,70154.205
TX,HOWARD,14792.374800000001
TX,HUNT,201.86344444444444
TX,HUTCHINSON,42765.12710958904
TX,IRION,616.4444444444445
TX,JACKSON,1523.2266666666667
TX,JASPER,37886.46605882353
TX,JEFFERSON,13054.65053314917
TX,JIM WELLS,2482.5
TX,JOHNSON,7093.210402439025
TX,KARNES,3396.4035714285715
TX,KAUFMAN,3995.8460689655176
TX,KENT,697.6006666666667
TX,KERR,0.0
TX,KLEBERG,543.75
TX,LA SALLE,3494.6883333333335
TX,LAMAR,3424.263863636363
TX,LAMB,16284.739866666667
TX,LAMPASAS,3.3983333333333334
TX,LAVACA,11557.600476190477
TX,LEE,30654.0
TX,LEON,1091.3746333333333
TX,LIBERTY,533.9020869565218
TX,LIMESTONE,78673.2575882353
TX,LIVE OAK,9001.97931372549
TX,LOVING,2090.2603125
TX,LUBBOCK,3764.518340909091
TX,MARION,14945.094000000001
TX,MARTIN,6819.104074074074
TX,MATAGORDA,6182.805181818182
TX,MAVERICK,1062.38
TX,MCLENNAN,21209.62243333333
TX,MEDINA,2.327142857142857
TX,MIDLAND,4347.889880597015
TX,MITCHELL,0.0
TX,MONTAGUE,1182.7272727272727
TX,MONTGOMERY,36615.19531355932
TX,MOORE,24646.237375
TX,MORRIS,1163.075875
TX,NACOGDOCHES,23919.42805882353
TX,NAVARRO,4767.679722222222
TX,NOLAN,16329.784642857141
TX,NUECES,30176.226825974027
TX,OCHILTREE,1279.3333333333333
TX,ORANGE,27981.406593582888
TX,PALO PINTO,4230.623545454545
TX,PANOLA,5323.511818181819
TX,PARKER,2831.8878958333335
TX,PARMER,11595.36
TX,PECOS,664.189375
TX,POLK,10370.940066666666
TX,POTTER,10254.771705882353
TX,PRESIDIO,7421.73
TX,RANDALL,21249.24328571429
TX,REAGAN,19063.42
TX,REEVES,4020.576891891892
TX,ROBERTSON,55318.51192307692
TX,ROCKWALL,193.34545454545452
TX,RUNNELS,6.852666666666666
TX,RUSK,42449.98354054054
TX,SABINE,30957.65
TX,SAN JACINTO,1535.5714285714287
TX,SAN PATRICIO,12071.914374999998
TX,SCURRY,19659.333333333332
TX,SHACKELFORD,2.1645000000000003
TX,SHELBY,74936.4
TX,SMITH,11457.045203703703
TX,STERLING,1593.1
TX,SUTTON,3757.2
TX,SWISHER,0.0
TX,TARRANT,3096.6600580645163
TX,TAYLOR,5330.397176470588
TX,TERRY,141.63333333333333
TX,TITUS,94201.48010526315
TX,TOM GREEN,77.1240625
TX,TRAVIS,5080.435378947369
TX,TYLER,0.0
TX,UPSHUR,3142.221916666667
TX,UPTON,7314.336026315788
TX,VAL VERDE,966.2025
TX,VAN ZANDT,49.601166666666664
TX,VICTORIA,45016.00644444444
TX,WALKER,1296.25
TX,WALLER,212.82830434782608
TX,WARD,771.905
TX,WASHINGTON,587.9957142857143
TX,WEBB,69608.19655555555
TX,WHARTON,1204.1545454545455
TX,WHEELER,873.1428571428571
TX,WICHITA,6938.424499999999
TX,WILBARGER,2067.0
TX,WILLIAMSON,458.2773478260869
TX,WILSON,4610.3946153846155
TX,WINKLER,25091.711764705884
TX,WISE,7862.675633333333
TX,WOOD,1100.3656363636364
TX,YOAKUM,5156.666333333334
TX,YOUNG,2767.0620000000004
UT,BEAVER,3.9200000000000004
UT,BOX ELDER,20641.915533333333
UT,CACHE,1766.2789411764704
UT,CARBON,7305.921249999999
UT,DAVIS,6451.028017391304
UT,DUCHESNE,97262.45157894737
UT,EMERY,68009.41275
UT,IRON,13833.285066666667
UT,JUAB,18285.846100000002
UT,MILLARD,63826.45616666667
UT,MORGAN,349.5605
UT,SALT LAKE,985120.7011992481
UT,SAN JUAN,129.0
UT,SANPETE,36.71
UT,SEVIER,38.38
UT,SUMMIT,65.70266666666667
UT,TOOELE,90492.62253896103
UT,UINTAH,16658.357775
UT,UTAH,12960.404316455697
UT,WASHINGTON,125.25707142857142
UT,WEBER,9876.440818181818
VA,ACCOMACK,50547.61600000001
VA,ALBEMARLE,0.722
VA,ALEXANDRIA (CITY),0.4
VA,AMHERST,34165.7695
VA,ARLINGTON,115.083
VA,AUGUSTA,4953.434
VA,BEDFORD,28280.13111111111
VA,BLAND,0.12375
VA,BOTETOURT,3621.5523939393943
VA,BRISTOL (CITY),4636.4493999999995
VA,BRUNSWICK,278.0
VA,BUCHANAN,220451.7126666667
VA,BUCKINGHAM,3297.0795
VA,BUENA VISTA (CITY),15.1
VA,CAMPBELL,34487.70375
VA,CAROLINE,4154.30023076923
VA,CARROLL,15148.383666666667
VA,CHARLOTTE,23.29
VA,CHESAPEAKE (CITY),28104.813466666666
VA,CHESTERFIELD,22205.9273125
VA,CLARKE,62.5
VA,COLONIAL HEIGHTS (CITY),1836.1979999999999
VA,COVINGTON (CITY),78368.19922222223
VA,CULPEPER,5483.3417
VA,CUMBERLAND,0.0
VA,DANVILLE (CITY),3911.290625
VA,DINWIDDIE,559.8281428571429
VA,FAIRFAX,38.94121428571429
VA,FAIRFAX (CITY),114.5
VA,FALLS CHURCH (CITY),130.005
VA,FAUQUIER,14.409428571428572
VA,FLUVANNA,11420.0
VA,FRANKLIN,29.8
VA,FREDERICK,6053.981052631579
VA,GALAX (CITY),2058.0833333333335
VA,GILES,21446.585
VA,GLOUCESTER,0.008
VA,GREENSVILLE,2419.743090909091
VA,HALIFAX,9453.247208333332
VA,HAMPTON (CITY),1266.520705882353
VA,HANOVER,30132.378666666667
VA,HARRISONBURG (CITY),0.0
VA,HENRICO,1200.3924
VA,HENRY,19039.552551724137
VA,HOPEWELL (CITY),70100.41568749999
VA,ISLE OF WIGHT,48936.9531
VA,JAMES CITY,53408.42554545454
VA,KING GEORGE,0.0
VA,KING WILLIAM,55625.37
VA,LEE,1865.88
VA,LOUDOUN,222.22948387096775
VA,LOUISA,0.0
VA,LUNENBURG,27818.0
VA,LYNCHBURG (CITY),40157.835812499994
VA,MADISON,0.0
VA,MECKLENBURG,2.203333333333333
VA,MONTGOMERY,430705.7297857143
VA,NEWPORT NEWS (CITY),14447.75456521739
VA,NORFOLK (CITY),4865.366666666667
VA,NORTHUMBERLAND,24978.1745
VA,NOTTOWAY,21355.66
VA,PAGE,406.584
VA,PATRICK,0.193
VA,PETERSBURG (CITY),4167.319066666667
VA,PITTSYLVANIA,4853.39285
VA,PORTSMOUTH (CITY),984.6954999999999
VA,PRINCE GEORGE,1080.0714285714287
VA,PRINCE WILLIAM,5665.289868421053
VA,PULASKI,2946.4185
VA,RICHMOND,16101.433857142856
VA,RICHMOND (CITY),3390.750625
VA,ROANOKE,1662.857
VA,ROANOKE (CITY),1329.604024390244
VA,ROCKBRIDGE,911.2672857142858
VA,ROCKINGHAM,14257.433333333332
VA,RUSSELL,272.0
VA,SALEM (CITY),320.0972727272727
VA,SCOTT,316.25
VA,SHENANDOAH,44268.4529
VA,SMYTH,238.0
VA,SOUTHAMPTON,2200.99125
VA,SPOTSYLVANIA,92.57542857142857
VA,STAFFORD,12350.758749999999
VA,SUFFOLK (CITY),1363.9099090909092
VA,SUSSEX,6.853333333333334
VA,TAZEWELL,0.258
VA,VIRGINIA BEACH (CITY),2402.593933333333
VA,WARREN,1925.60316
VA,WASHINGTON,3331.5913333333333
VA,WESTMORELAND,22.0
VA,WINCHESTER (CITY),771.2955
VA,WISE,15551.42076923077
VA,WYTHE,4403.746666666667
VA,YORK,1864.87375
VI,ST. CROIX ISLAND,9240.094107142857
VI,ST. THOMAS ISLAND,81.10611111111112
VT,ADDISON,6117.940857142857
VT,BENNINGTON,3773.6666666666665
VT,CALEDONIA,809.6309999999999
VT,CHITTENDEN,8207.536315789474
VT,ESSEX,3.22
VT,FRANKLIN,572.8321249999999
VT,ORLEANS,11.636000000000001
VT,RUTLAND,4558.201153846154
VT,WASHINGTON,5.0
VT,WINDHAM,1592.4999285714287
WA,ADAMS,227538.12066666665
WA,ASOTIN,21.54
WA,BENTON,179769.2184166667
WA,CHELAN,6460.1584
WA,CLALLAM,4857.12475
WA,CLARK,3633.732434782609
WA,COWLITZ,24219.138226190476
WA,DOUGLAS,633.5659999999999
WA,FERRY,1008.0
WA,FRANKLIN,4150.07085
WA,GRANT,11529.814869565218
WA,GRAYS HARBOR,5216.374777777778
WA,ISLAND,9216.74375
WA,JEFFERSON,28214.469285714287
WA,KING,6640.811825842696
WA,KITSAP,68545.46133333333
WA,KLICKITAT,429.0635
WA,LEWIS,4432.840344827586
WA,MASON,0.156
WA,OKANOGAN,0.0
WA,PEND OREILLE,461.16
WA,PIERCE,7877.690695652174
WA,SKAGIT,4746.904195402299
WA,SNOHOMISH,3163.0850869565215
WA,SPOKANE,1624.4442580645161
WA,STEVENS,2891.4957142857143
WA,THURSTON,12923.821
WA,WALLA WALLA,35206.629411764705
WA,WHATCOM,10604.31325
WA,WHITMAN,56.072399999999995
WA,YAKIMA,27269.544764705883
WI,ADAMS,14132.339999999998
WI,ASHLAND,0.6666666666666666
WI,BARRON,3519.00832
WI,BAYFIELD,0.004
WI,BROWN,6992.381264957265
WI,BUFFALO,45637.37930000001
WI,BURNETT,138.5442857142857
WI,CALUMET,5253.731304347826
WI,CHIPPEWA,4476.297391304348
WI,CLARK,30529.3465
WI,COLUMBIA,51020.171035087726
WI,CRAWFORD,2148.7428571428572
WI,DANE,1850.8536456692914
WI,DODGE,3398.2373783783783
WI,DOOR,5050.68
WI,DOUGLAS,15198.622413793102
WI,DUNN,6651.453538461539
WI,EAU CLAIRE,2120.4576458333336
WI,FOND DU LAC,7485.051156862745
WI,GRANT,7574.359571428572
WI,GREEN,3516.498857142857
WI,GREEN LAKE,32439.475
WI,IOWA,510.25
WI,JACKSON,3.22
WI,JEFFERSON,8660.893600000001
WI,JUNEAU,1031.1304347826087
WI,JUNEAU BOROUGH,0.0
WI,KENOSHA,2125.010078125
WI,KEWAUNEE,11.666666666666666
WI,LA CROSSE,10209.231456521738
WI,LAFAYETTE,34367.5
WI,LANGLADE,4993.616666666667
WI,LINCOLN,29330.21680952381
WI,MANITOWOC,8782.335258064515
WI,MARATHON,24034.34321965318
WI,MARINETTE,4265.60448
WI,MARQUETTE,18868.336
WI,MILWAUKEE,5652.6701184573
WI,MONROE,3242.498
WI,OCONTO,9666.297777777778
WI,ONEIDA,2650.141111111111
WI,OUTAGAMIE,10749.21902247191
WI,OZAUKEE,19111.01688372093
WI,PIERCE,10745.200363636364
WI,POLK,3209.3505
WI,PORTAGE,39487.79737142857
WI,PRICE,2499.8571428571427
WI,RACINE,1911.001236842105
WI,RICHLAND,59.77777777777778
WI,ROCK,1018.7677428571428
WI,RUSK,534.45
WI,SAUK,11143.044658536586
WI,SAWYER,30680.8434
WI,SHAWANO,2503.5368000000003
WI,SHEBOYGAN,4813.078343511451
WI,ST CROIX,1486.87525
WI,ST. CROIX ISLAND,0.003
WI,TREMPEALEAU,3324.8749473684206
WI,VERNON,31.910000000000004
WI,VILAS,5439.0
WI,WALWORTH,498.08532653061224
WI,WASHINGTON,7974.252413333333
WI,WAUKESHA,2356.536898305085
WI,WAUPACA,55241.544795454545
WI,WAUSHARA,2.5
WI,WINNEBAGO,10947.494790123457
WI,WOOD,5684.96079661017
WV,BARBOUR,0.0
WV,BERKELEY,8785.332394736843
WV,BRAXTON,2214.858166666667
WV,BROOKE,2251.8808157894737
WV,CABELL,1216.8456
WV,DODDRIDGE,1347.5
WV,FAYETTE,54437.965375
WV,GILMER,571.841
WV,GRANT,36602.84181818182
WV,GREENBRIER,0.518
WV,HANCOCK,3692.72
WV,HARDY,4428.324599999999
WV,HARRISON,114367.43121875
WV,JACKSON,7263.42875
WV,JEFFERSON,14132.675454545453
WV,KANAWHA,12679.482711864406
WV,LEWIS,22570.846153846152
WV,MARION,36604.47009090909
WV,MARSHALL,15748.40993939394
WV,MASON,72607.70570731709
WV,MERCER,571.0854
WV,MINERAL,6233.060375000001
WV,MONONGALIA,28833.332086206894
WV,MONROE,7838.1985
WV,NICHOLAS,2564.670166666667
WV,OHIO,12632.4289
WV,PENDLETON,13246.819800000001
WV,PLEASANTS,45731.92324324324
WV,PRESTON,925.6625
WV,PUTNAM,87619.68111111112
WV,RALEIGH,2892.1296666666663
WV,RANDOLPH,152.82233333333332
WV,ROANE,500.0
WV,TAYLOR,0.0
WV,TUCKER,129.115
WV,TYLER,9577.415483870967
WV,UPSHUR,189917.05
WV,WAYNE,5311.536363636364
WV,WEBSTER,1.302
WV,WETZEL,228.66264285714286
WV,WOOD,31184.00723529412
WY,ALBANY,141.31766666666667
WY,BIG HORN,13549.980333333333
WY,CAMPBELL,71069.45869090909
WY,CARBON,12101.018219512194
WY,CONVERSE,44130.81813953488
WY,FREMONT,1863.0
WY,LARAMIE,155899.75435897434
WY,LINCOLN,73087.44263157895
WY,NATRONA,850.296186440678
WY,PARK,98.587
WY,PLATTE,149671.88120833333
WY,SHERIDAN,0.39
WY,SWEETWATER,73854.25809433962
WY,UINTA,3206.7724482758613
WY,WASHAKIE,53536.958
WY,WESTON,779.2590476190477
